Fecha,Puducherry,Goa,Manipur,Nagaland,AMB,Mizoram
2020-06-11,0.0,0.0,0.0,0.0,0.0,0.0
2020-06-12,0.00259866913219572,0.00725953127943282,0.004509583182559415,0.0004286920691997337,3.425181990276393e-05,0.0005276319968748482
2020-06-13,0.006932776511630812,0.019359074795564812,0.01100136056525917,0.0011460514929261998,9.150663036880212e-05,0.0013545377789352653
2020-06-14,0.012459810509996061,0.03478124721158621,0.019043245186202106,0.002063658402564436,0.00016466707414201153,0.0024055064868843423
2020-06-15,0.018807753427408626,0.052485544715366164,0.02829752516315586,0.0031208081762506197,0.00024886287416994414,0.0036247592951994846
2020-06-16,0.025721500679273233,0.07175846573373379,0.03850025000927578,0.004275827167141471,0.00034075212851123794,0.004970931328941913
2020-06-17,0.03302611848019864,0.0921107380605883,0.04944511978981628,0.005500109589704219,0.00043804180646692917,0.006413349478927826
2020-06-18,0.040601648844981554,0.11320684657099936,0.060970892859275455,0.006774022896849503,0.0005391586869210583,0.007929271359511861
2020-06-19,0.048365832372766815,0.13481670930037984,0.07295154397820894,0.008084096097081083,0.0006430235305956448,0.009501837363721337
2020-06-20,0.056262260717137885,0.15678254111066103,0.08528857269977756,0.009421089198001602,0.0007488961028434822,0.011118551524298482
2020-06-21,0.06425225253751563,0.1789961321104621,0.09790499103203609,0.010778667502519339,0.0008562688181595159,0.012770154702673606
2020-06-22,0.07230928244409675,0.20138326683508745,0.11074062487911059,0.01215249129071837,0.0009647937522207144,0.014449788753249327
2020-06-23,0.08041516079542908,0.2238930403906072,0.12374844147426861,0.013539590775751047,0.0010742325521840824,0.016152376517760192
2020-06-24,0.08855741404740161,0.24649053232306084,0.1368916787939397,0.01493793689333794,0.0011844220619624335,0.017874161985411374
2020-06-25,0.09672748839840227,0.26915178306712734,0.15014160270893434,0.016346146584278815,0.0012952507318391665,0.01961236914097922
2020-06-26,0.10491951793661874,0.29186034912265346,0.16347575315297158,0.017763280424378174,0.001406642429326686,0.021364948945863094
2020-06-27,0.11312947992661743,0.3146049408987072,0.17687657390609926,0.019188703664625044,0.0015185453290015253,0.023130391648332634
2020-06-28,0.1213546155614575,0.3373778029443979,0.190330341435556,0.020621990813750928,0.0016309242879270491,0.02490758756439678
2020-06-29,0.12959303275260126,0.36017360324259734,0.2038263278403667,0.022062860119897706,0.0017437556131705873,0.026695723809916902
2020-06-30,0.13784343371393762,0.38298867149478116,0.21735614649084764,0.023511128575403786,0.0018570234708569738,0.028494207701990737
2020-07-01,0.1461049282500158,0.4058204770125787,0.23091324066863347,0.024966681039432437,0.001970717421767928,0.030302609938650683
2020-07-02,0.15437690559343525,0.4286672704072692,0.24449248388637965,0.02642944901000905,0.002084830730763599,0.03212062245591107
2020-07-03,0.162658946605495,0.451527838041445,0.25808986750459467,0.027899396065146246,0.002199359205271957,0.03394802715985965
2020-07-04,0.17095076354580876,0.4744013336943005,0.2717022565721782,0.02937650786266693,0.002314300399327315,0.03578467274131872
2020-07-05,0.17925215875922995,0.49728716299631215,0.28532719899016606,0.03086078527021153,0.0024296530669108882,0.03763045748528294
2020-07-06,0.1875629963634674,0.520184904297689,0.29896277639568225,0.0323522396586238,0.002545416786772797,0.0394853164933988
2020-07-07,0.1958831828169634,0.5430942543394499,0.3126074874863709,0.033850889647805533,0.002661591705037828,0.041349212232642714
2020-07-08,0.20421265360265267,0.5660149910219239,0.3262601570319034,0.03535675889786559,0.0027781783585462245,0.04322212751028406
2020-07-09,0.21255136412230313,0.5889469479256944,0.3399198647056984,0.03686987458128269,0.0028951775535829027,0.045104060273053345
2020-07-10,0.22089928336121867,0.6118899966188162,0.35358588925082685,0.03839026633382417,0.0030125902829647995,0.046995019738013476
2020-07-11,0.22925638965997946,0.6348440348669717,0.36725766506988017,0.03991796552740767,0.0031304176680940136,0.04889502353373756
2020-07-12,0.23762266776324847,0.6578089783705015,0.38093474824128953,0.04145300479312393,0.003248660920853078,0.05080409557257924
2020-07-13,0.24599810676997066,0.6807847549277143,0.39461678991566496,0.04299541766888061,0.0033673213162237815,0.05272226447588885
2020-07-14,0.2543826987479741,0.7037713007543694,0.4083035155693255,0.044545238370534014,0.003486400173759273,0.05464956240296302
2020-07-15,0.26277643784947813,0.72676855784788,0.42199470877227735,0.04610250163604311,0.0036058988447844127,0.05658602419668245
2020-07-16,0.2711793195724678,0.749776471967707,0.435690198434613,0.04766724261063716,0.003725818704681756,0.05853168671534573
2020-07-17,0.2795913403395249,0.7727949915329761,0.4493898490966821,0.04923949677609501,0.003846161145683511,0.06048658837375065
2020-07-18,0.28801249721823047,0.7958240667864281,0.4630935528374281,0.050819299906606864,0.003966927573135465,0.06245076879723522
2020-07-19,0.29644278771606947,0.8188636491519313,0.4768012234409584,0.05240668801912815,0.004088119403439711,0.06442426854433765
2020-07-20,0.3048822095839946,0.8419136907879291,0.490512791698316,0.05400169735361845,0.004209738061186572,0.06640712891799158
2020-07-21,0.3133307607562263,0.8649741444009824,0.5042282016234204,0.05560436437321303,0.004331784978167559,0.0683993918196191
2020-07-22,0.3217884392840109,0.8880449630477307,0.5179474075433887,0.057214725741218934,0.0044542615925618105,0.07040109964637958
2020-07-23,0.33025524329028355,0.9111260999557033,0.5316703719189211,0.05883281830166186,0.004577169348458651,0.07241229521923727
2020-07-24,0.3387311709085024,0.9342175084555318,0.5453970633644745,0.0604586790704114,0.004700509695458191,0.07443302170779922
2020-07-25,0.34721622029113197,0.9573191419216005,0.5591274556029013,0.06209234528633875,0.004824284088108242,0.07646332259009188
2020-07-26,0.3557103895794847,0.9804309537316123,0.5728615261726886,0.0637338543545661,0.004948493985495007,0.07850324164234132
2020-07-27,0.3642136769021228,1.0035528972618664,0.5865992555860456,0.06538324384835638,0.005073140851361367,0.08055282290769177
2020-07-28,0.3727260801802748,1.026684925833371,0.6003406267067655,0.06704055155101576,0.005198226154770257,0.082612110630439
2020-07-29,0.3812475980373206,1.0498269927113657,0.614085624230629,0.06870581541921285,0.0053237513690348815,0.08468114930237168
2020-07-30,0.38977822750482866,1.072979051077398,0.6278342343435188,0.07037907357155447,0.005449717971549507,0.08675998365884213
2020-07-31,0.39831796740165865,1.09614105404665,0.6415864442627915,0.07206036434589023,0.0055761274449790225,0.08884865860709969
2020-08-01,0.40686681638279276,1.1193129546711518,0.6553422421288636,0.07374972622369956,0.005702981276357565,0.09094721930310994
2020-08-02,0.41542476959202,1.142494705913954,0.6691016166825957,0.07544719789768753,0.005830280956587029,0.09305571113030199
2020-08-03,0.42399182825706544,1.1656862606558898,0.682864557313587,0.07715281824199055,0.005958027981921037,0.09517417955973698
2020-08-04,0.43256798937541086,1.1888875717074558,0.6966310538186855,0.0788666263003265,0.006086223853002966,0.09730267041152195
2020-08-05,0.4411532503958792,1.2120985917885496,0.7104010962361649,0.08058866132395456,0.006214870074539958,0.09944122956913176
2020-08-06,0.4497476088312688,1.2353192735326353,0.7241746748645952,0.08231896272252831,0.00634396815646287,0.10158990324783082
2020-08-07,0.4583510621948417,1.2585495695050375,0.7379517801433875,0.08405757015184494,0.006473519612323721,0.10374873774867724
2020-08-08,0.466963608279901,1.2817894321788588,0.7517324028101009,0.08580452346094003,0.006603525960623471,0.10591777965455362
2020-08-09,0.47558524504983346,1.3050388139399487,0.7655165335616781,0.08755986261496851,0.0067339887252186,0.10809707573260313
2020-08-10,0.48421597005966394,1.3282976671023419,0.779304163282426,0.08932362779902578,0.006864909433169861,0.11028667291313572
2020-08-11,0.49285578083102016,1.3515659438972494,0.7930952828797517,0.0910958593931169,0.006996289616792448,0.11248661833778717
2020-08-12,0.5015046748912761,1.3748435964631658,0.8068898833173749,0.09287659797693197,0.007128130814158773,0.1146969593876908
2020-08-13,0.5101626493797179,1.3981305768821295,0.8206879555610168,0.09466588431961179,0.007260434570239041,0.11691774358619546
2020-08-14,0.5188297021925918,1.4214268371232552,0.8344894906412174,0.09646375893018927,0.007393202428845115,0.11914901874104744
2020-08-15,0.5275058313770168,1.444732329100478,0.8482944796293684,0.09827026425701502,0.0075264359386759795,0.12139083277225571
2020-08-16,0.53619103245867,1.4680470046123906,0.8621029135800989,0.10008544051911454,0.007660136653631709,0.12364323387647597
2020-08-17,0.5448853053859705,1.4913708150844995,0.875914783570352,0.10190932951084154,0.007794306132813476,0.12590627039709362
2020-08-18,0.5535886465478821,1.514703712122646,0.8897300806658883,0.10374197307457106,0.007928945940523542,0.1281799910091603
2020-08-19,0.5623010529099767,1.5380456474312438,0.9035487959288641,0.10558341314301004,0.008064057646205755,0.13046444441077382
2020-08-20,0.5710225214391004,1.5613965727147066,0.9173709204222725,0.10743369187147438,0.008199642822832979,0.13275967954917736
2020-08-21,0.5797530491020993,1.5847564396774478,0.9311964452074757,0.1092928516212727,0.008335703048798299,0.1350657456242103
2020-08-22,0.5884926328662384,1.6081252000238813,0.9450253613458253,0.1111609349255706,0.008472239908154435,0.1373826920703343
2020-08-23,0.5972412698841231,1.6315028046965412,0.9588576598907635,0.11303798456240341,0.008609254990041466,0.13971056842966323
2020-08-24,0.6059989573458107,1.6548892042043724,0.9726933318929306,0.11492404353319641,0.008746749888686829,0.14204942453521976
2020-08-25,0.6147656923204127,1.6782843497795994,0.9865323683955386,0.11681915493421104,0.008884726203405318,0.14439931047759288
2020-08-26,0.6235414718770405,1.7016881926557224,1.0003747604287128,0.11872336220776775,0.009023185538599085,0.14676027658375462
2020-08-27,0.6323262930848054,1.725100684066241,1.0142204990235553,0.1206367088653268,0.009162129502563225,0.1491323734169188
2020-08-28,0.641120153004539,1.7485217752446554,1.0280695751914475,0.12255923876911157,0.00930155970284644,0.15151565162018413
2020-08-29,0.6499230481965851,1.7719514171684967,1.0419219799484734,0.12449099586265648,0.009441477752203574,0.15391016198595409
2020-08-30,0.658734975256387,1.7953895596468146,1.0557777042899397,0.12643202438197185,0.009581885273604963,0.1563159556128811
2020-08-31,0.6675559310115265,1.818836153282542,1.0696367392136306,0.1283823687768496,0.00972278389380038,0.15873308381100926
2020-09-01,0.6763859122895854,1.8422911488235083,1.0834990757004215,0.1303420737288421,0.009864175243017035,0.16116159810177397
2020-09-02,0.6852249159181452,1.8657544970175437,1.0973647047263675,0.1323111839982685,0.01000606095671046,0.16360155022573006
2020-09-03,0.6940729387123721,1.8892261486124777,1.1112336172598212,0.13428974459766893,0.010148442673310899,0.16605299216738068
2020-09-04,0.7029299771000417,1.9127060543471768,1.1251058042537567,0.13627780079180438,0.010291322043117525,0.16851597610964256
2020-09-05,0.7117960274182255,1.9361941643197076,1.1389812566626565,0.13827539808371886,0.010434700710945197,0.17099055444800285
2020-09-06,0.7206710862504038,1.959690428303203,1.152859965418507,0.14028258213098888,0.010578580333617131,0.17347677979312126
2020-09-07,0.7295551500733433,1.983194796454015,1.1667419214601709,0.14229939887324972,0.010722962570252435,0.1759746981019298
2020-09-08,0.7384482151466107,2.0067072188669512,1.180627115702933,0.1443258945047175,0.010867849085255338,0.17848438011942092
2020-09-09,0.7473502781924661,2.0302276455539516,1.1945155390631579,0.1463621154612725,0.011013241548117158,0.18100586635678684
2020-09-10,0.7562613344201081,2.053756026467746,1.208407182445222,0.14840810842045937,0.011159141632491845,0.18353921113826777
2020-09-11,0.765181381313791,2.0772923115125326,1.2223020367401387,0.1504639201870704,0.011305551017626628,0.1860844687881039
2020-09-12,0.7741104161446698,2.1008364504847434,1.2362000928410806,0.15252959769949026,0.011452471388362034,0.18864169363053543
2020-09-13,0.7830484310806777,2.12438839311547,1.2501013416170426,0.15460518821287167,0.011599904431685789,0.1912109400165413
2020-09-14,0.7919954274787041,2.147948089078114,1.2640057739431005,0.1566907392032448,0.011747851842764832,0.19379226237334676
2020-09-15,0.8009513999898721,2.171515473634277,1.2779133806574197,0.15878629836724825,0.01189631531900559,0.19638571530905458
2020-09-16,0.8099163441477231,2.1950905392600273,1.2918241526086964,0.1608919136275488,0.012045296566085682,0.19899135368541004
2020-09-17,0.8188902555329924,2.2186731858026176,1.3057380806551802,0.16300763318081013,0.012194797288080395,0.20160923259968636
2020-09-18,0.8278731297264156,2.242263383835249,1.3196551556551193,0.1651335054319973,0.012344819202451406,0.20423940732309825
2020-09-19,0.8368649624103583,2.265861099114682,1.3335753684320377,0.16726957900331962,0.01249536403105993,0.2068819334482173
2020-09-20,0.8458657499723078,2.2894662268023094,1.3474987097585964,0.1694159027433851,0.012646433496592748,0.20953686666875943
2020-09-21,0.8548754884348453,2.3130787818946845,1.3614251704524092,0.17157252572720055,0.012798029324712011,0.2122042630575181
2020-09-22,0.863894173706955,2.336698685034312,1.375354741332259,0.1737394972744759,0.012950153246625615,0.21488417877234647
2020-09-23,0.8729218016976213,2.3603258848955693,1.389287413211309,0.1759168669881649,0.013102806999087196,0.21757667033115602
2020-09-24,0.8819583683056883,2.3839603310850266,1.403223176829788,0.17810468466076923,0.013255992324396136,0.2202817943954809
2020-09-25,0.8910038689988254,2.407601972535058,1.417162022950955,0.180303000314069,0.013409710970397561,0.22299960795454038
2020-09-26,0.9000582992895507,2.4312507581108838,1.4311039423547096,0.1825118642264031,0.013563964690486199,0.2257301680187347
2020-09-27,0.909121654865293,2.4549066366611845,1.4450489258209513,0.1847313269052025,0.013718755243962157,0.2284735321114392
2020-09-28,0.9181939314134807,2.478569556903278,1.4589969640317773,0.1869614391418786,0.01387408439605394,0.2312297578962379
2020-09-29,0.9272751246215426,2.502239467557526,1.4729480478521124,0.18920225191580872,0.014029953915871482,0.23399890319238914
2020-09-30,0.9363652299907321,2.525916317217291,1.4869021678864793,0.19145381646036466,0.01418636557596353,0.2367810260439098
2020-10-01,0.9454642426783337,2.54960005447905,1.5008593148944998,0.19371618427699255,0.014343321154543905,0.23957618478184933
2020-10-02,0.9545721581269663,2.573290627813891,1.5148194796172907,0.19598940707995194,0.014500822435412238,0.24238443800774942
2020-10-03,0.9636889717155904,2.5969879855507423,1.5287826526889106,0.19827353683835355,0.014658871207126289,0.24520584447758892
2020-10-04,0.9728146787228024,2.6206920755817915,1.5427488247958963,0.2005686257967003,0.014817469263219921,0.24804046326350773
2020-10-05,0.9819492740005882,2.6444028462281817,1.5567179866403678,0.2028747264318465,0.014976618402000846,0.25088835372579704
2020-10-06,0.9910927529980416,2.6681202458459734,1.5706901289147703,0.2051918914397773,0.01513632042843498,0.2537495754946347
2020-10-07,1.000245110845285,2.6918442227912265,1.5846652423018739,0.20752017383146185,0.015296577150804451,0.2566241884391734
2020-10-08,1.0094063430857245,2.7155747254200024,1.598643317474774,0.20985962681066647,0.01545739038336999,0.25951225247964205
2020-10-09,1.0185764452778936,2.7393117020883606,1.612624345096891,0.21221030387527623,0.015618761945562635,0.2624138278600369
2020-10-10,1.0277554131598516,2.763055101152362,1.62660831582197,0.2145722587411962,0.015780693661195343,0.26532897509314834
2020-10-11,1.036943240964136,2.7868048709680666,1.6405952202940812,0.21694554545792175,0.015943187359717628,0.26825775493336795
2020-10-12,1.0461399230904271,2.8105609595955174,1.6545850491476204,0.21933021835255817,0.01610624487612609,0.2712002283811037
2020-10-13,1.0553454539384068,2.8343233134456147,1.6685777930073078,0.22172633183403093,0.016269868049963974,0.2741564567060676
2020-10-14,1.0645598279656878,2.858091880111242,1.6825734424881893,0.2241339406057485,0.01643405872609753,0.2771265014120574
2020-10-15,1.073783040503319,2.881866607455508,1.696571988195635,0.22655309966902182,0.01659881875487185,0.2801104242449672
2020-10-16,1.0830150865944295,2.905647443341522,1.7105734207253407,0.2289838643194157,0.016764149991757665,0.28310828719588205
2020-10-17,1.0922559610529214,2.929434335632392,1.7245777306633272,0.23142629007884616,0.016930054297042214,0.2861201485332971
2020-10-18,1.1015056586926975,2.9532272321912285,1.73858490858594,0.23388043277265963,0.01709653353680083,0.28914608126598007
2020-10-19,1.1107641743258532,2.9770260808811395,1.75259494505985,0.23634634853461634,0.017263589583792156,0.2921861401457586
2020-10-20,1.120031502375019,3.000830829565234,1.7666078306420527,0.23882409378835745,0.01743122431262748,0.2952403888987307
2020-10-21,1.1293076371985977,3.0246414260469456,1.7806235558801236,0.24131372524740502,0.017599439603394065,0.2983088912509945
2020-10-22,1.1385925733810638,3.0484578170689685,1.7946421113278663,0.24381529985199296,0.017768237342169303,0.3013917109482476
2020-10-23,1.1478863055068909,3.0722799493494835,1.8086634875335377,0.24632887464790656,0.017937619420926938,0.30448891184728655
2020-10-24,1.1571888281605534,3.0961077700576687,1.8226876750323637,0.2488545070603151,0.018107587735993302,0.3076005578918184
2020-10-25,1.166500054997768,3.1199412265608872,1.8367146643525163,0.2513922547920208,0.018278144189812027,0.31072671343410546
2020-10-26,1.175820184820892,3.143780266058096,1.8507444460144815,0.253942175813848,0.018449290691007935,0.3138674428962707
2020-10-27,1.1851490686278408,3.1676248356212358,1.8647770105228767,0.2565043283651308,0.01862102915399734,0.31702281115975517
2020-10-28,1.194486706418614,3.191474824905383,1.8788123483759338,0.25907877100622323,0.018793361498988033,0.32019288318374717
2020-10-29,1.203833098193212,3.2153303475089854,1.8928504500653411,0.2616655625799626,0.01896628964908597,0.32337772434340817
2020-10-30,1.2131882430476688,3.2391911949594885,1.906891306074491,0.26426476217991024,0.01913981553114578,0.32657740016858455
2020-10-31,1.2225521371427541,3.263057339800332,1.9209349068781725,0.26687642917468274,0.01931394107926321,0.3297919765358822
2020-11-01,1.2319247754507716,3.286928755967678,1.934981242941132,0.269500623207952,0.019488668232813387,0.33302151940423663
2020-11-02,1.2413061542695338,3.3108053767728496,1.9490303047202937,0.27213739649856,0.01966399893645084,0.3362660952665654
2020-11-03,1.2506962605587721,3.334687168261933,1.963082082664219,0.27478682925951053,0.0198399351402169,0.33952577056692584
2020-11-04,1.2600950969892288,3.358574051221593,1.9771365672129326,0.2774489674383705,0.020016478799756997,0.3428006123494115
2020-11-05,1.2695026547805417,3.3824660152121453,1.9911937488840659,0.28012387284046275,0.02019363187585054,0.34609068763509004
2020-11-06,1.2789189263650456,3.406362989386604,2.005253618083469,0.2828116072711102,0.02037139633458097,0.34939606380176247
2020-11-07,1.2883439043228746,3.4302649107587633,2.0193161652074987,0.2855122325356358,0.020549774147352616,0.3527168085551281
2020-11-08,1.2977775830299159,3.4541717163424184,2.033381380669659,0.2882258105249001,0.02072876729197955,0.3560529900287964
2020-11-09,1.3072199567428249,3.478083345878862,2.047449254875376,0.290952403244453,0.02090837775190675,0.35940467635940965
2020-11-10,1.3166710191999202,3.5019997573643855,2.061519778221998,0.2936920729303806,0.021088607513313637,0.36277193587531475
2020-11-11,1.3261307640508917,3.5259208999654956,2.0755929410987934,0.29644488218505516,0.021269458569097295,0.3661548372172798
2020-11-12,1.3355991847388127,3.5498467201493935,2.0896687338869526,0.29921089379749805,0.021450932917489084,0.3695534493384937
2020-11-13,1.345076274837279,3.5737771643832814,2.103747146959587,0.30199017100126907,0.021633032562054625,0.3729678415045663
2020-11-14,1.354561990530419,3.597712178949478,2.117828170696637,0.3047827771885685,0.021815759511693802,0.37639808328224794
2020-11-15,1.3640564249483647,3.621651709896881,2.1319117955685,0.3075887761934729,0.02199911578064077,0.3798442443842996
2020-11-16,1.3735594942787241,3.6455957034971753,2.145998011847969,0.31040823202936074,0.02218310338846394,0.38330639487779095
2020-11-17,1.3830711985214978,3.6695441060261555,2.16008680988409,0.313241209146,0.022367724362018747,0.3867846051714615
2020-11-18,1.3925915361025472,3.6934961090811784,2.174178180018346,0.31608777209982625,0.022552980738532524,0.39027894597454393
2020-11-19,1.4021205030692967,3.717453575824808,2.1882721125846536,0.31894798602492486,0.02273887454871706,0.3937894882967639
2020-11-20,1.4116580922806432,3.7414151074865942,2.2023685979093655,0.32182191605492755,0.02292540783414515,0.39731630344834035
2020-11-21,1.4212042990681044,3.765380704066537,2.216467626311271,0.3247096279759432,0.02311258264176698,0.4008594630285779
2020-11-22,1.4307591127791093,3.7893503655646366,2.230569188101593,0.3276111875712668,0.02330040102391012,0.404419038588095
2020-11-23,1.440322532163314,3.8133240832376485,2.2446732735839916,0.3305266611133327,0.023488865038279527,0.407995102008926
2020-11-24,1.4498945478539582,3.8373018236946344,2.258779873087347,0.3334561151213345,0.02367797674795755,0.411587725568139
2020-11-25,1.459475151510912,3.8612835426257353,2.272888976916818,0.3363996166513507,0.023867738221403926,0.41519698181666026
2020-11-26,1.4690643348438783,3.885269210947616,2.2870005753319664,0.3393572327792896,0.0240581515331809,0.4188229435792746
2020-11-27,1.4786620914013238,3.9092586942491816,2.301114658610464,0.3423290308992713,0.024249218776240932,0.4224656839546252
2020-11-28,1.488268414687852,3.9332520323346243,2.3152312170226788,0.34531507878958667,0.024440942026589686,0.4261252763157803
2020-11-29,1.49788329756956,3.957249148591039,2.3293502408316735,0.34831544461269753,0.02463332337517199,0.4298017943669198
2020-11-30,1.5075067328922365,3.9812499776042807,2.3434717202932074,0.35133019684297495,0.02482636491837379,0.43349531209409303
2020-12-01,1.517138713211007,4.005254455509346,2.357595645655733,0.3543594041718517,0.025020068758022148,0.4372059037339143
2020-12-02,1.526779231151181,4.029262518441231,2.3717220071604013,0.3574031357677803,0.02521443700138523,0.4409336438017333
2020-12-03,1.536428279403914,4.053274113145307,2.3858507950410552,0.3604614611700597,0.02540947176117234,0.4446786070916349
2020-12-04,1.5460858017734262,4.077289195969486,2.399981999563912,0.3635344502823794,0.02560517515553387,0.4484408686764397
2020-12-05,1.5557519199968297,4.101307712568166,2.414115610928438,0.3666221733728196,0.025801549308061347,0.4522205039077053
2020-12-06,1.5654265280741793,4.125329608524473,2.4282516193457284,0.369724700928911,0.025998596361167147,0.4560175884464411
2020-12-07,1.5751096260054749,4.149354829412451,2.442390015023224,0.3728421034300609,0.026196318443167776,0.4598321982887341
2020-12-08,1.5848012127061455,4.173383320521025,2.4565307881612264,0.3759744519984503,0.026394717693635376,0.46366440967660666
2020-12-09,1.5945012837082593,4.1974150271759525,2.4706739289529,0.37912181816969326,0.026593796258984476,0.4675142991089036
2020-12-10,1.604209831598461,4.221449894803268,2.484819427584273,0.3822842737194391,0.02679355629113629,0.4713819433914404
2020-12-11,1.6139268504104591,4.245487868829005,2.498967274234236,0.38546189073087606,0.026993999947518738,0.4752674196193524
2020-12-12,1.6236523291062097,4.26952889467906,2.5131174590745404,0.38865474182883303,0.027195129391066424,0.479170805181054
2020-12-13,1.6333862651044688,4.293572917766509,2.5272699722864247,0.39186289971276655,0.02739694679022065,0.4830921777470375
2020-12-14,1.643128647725651,4.317619883286744,2.5414248040653074,0.39508643760832884,0.02759945431892941,0.4870316153031349
2020-12-15,1.6528794672041223,4.3416697363979875,2.555581944532173,0.39832542904203305,0.027802654163669307,0.4909891961318983
2020-12-16,1.6626387157488431,4.365722422271671,2.5697413838341445,0.4015799478376908,0.028006548513589146,0.49496499873101796
2020-12-17,1.6724063862068101,4.389777879513208,2.5839031121114506,0.40485006823977004,0.028211139553407604,0.49895910200161525
2020-12-18,1.6821824705630455,4.413836060162305,2.598067119497422,0.4081358648349083,0.02841642948017213,0.5029715849842669
2020-12-19,1.6919669606553498,4.437896919160985,2.6122333961184956,0.41143741250408616,0.028622420496454002,0.50700252719673
2020-12-20,1.7017598482579477,4.461960368883336,2.6264019320942125,0.4147547865593908,0.028829114810354602,0.5110520082774025
2020-12-21,1.7115610879634318,4.486026403469029,2.6405727175372173,0.41808806264686676,0.029036514635511712,0.5151201083067962
2020-12-22,1.721370772210803,4.510094952535558,2.654745742553261,0.42143731680152374,0.029244622191105792,0.5192069078691662
2020-12-23,1.7311888125661414,4.534165953978021,2.6689209973611017,0.4248026252856938,0.029453439701866282,0.5233124877864898
2020-12-24,1.741015209029431,4.558239345711305,2.6830984720235436,0.42818406495551775,0.029662969403453063,0.5274369285102994
2020-12-25,1.750849958221641,4.582315065657052,2.6972781565799453,0.43158171295762826,0.029873213533625497,0.5315803105834247
2020-12-26,1.7606930554646791,4.6063930621888804,2.711460041112826,0.43499564663429346,0.030084174331070593,0.5357427163203233
2020-12-27,1.7705444908811847,4.630473287442152,2.7256441156979796,0.4384259437341706,0.03029585404361321,0.5399242277520018
2020-12-28,1.7804042575345052,4.654555686404656,2.739830370404474,0.44187268242157113,0.030508254924740907,0.5441249264440617
2020-12-29,1.7902723460003,4.678640204064182,2.754018795294651,0.4453359412514589,0.030721379233613677,0.5483448942752348
2020-12-30,1.800148751056576,4.702726785407269,2.7682093804241257,0.44881579913509817,0.030935229235073722,0.5525842149858863
2020-12-31,1.8100334619996556,4.726815375263097,2.782402115841789,0.4523123354263659,0.03114980719965522,0.5568429714949843
2021-01-01,1.8199264688241494,4.750905918443049,2.7965969915898032,0.45582562988798603,0.03136511540359408,0.5611212464967431
2021-01-02,1.8298277615246663,4.774998359840599,2.810793997703608,0.45935576268953454,0.0315811561288377,0.5654191244115604
2021-01-03,1.8397373303131983,4.799092644349223,2.8249931242119137,0.4629028143326816,0.031797931663055334,0.5697366872639978
2021-01-04,1.8496551676842075,4.823188716859087,2.8391943611367076,0.4664668655245111,0.03201544429982943,0.5740740214632221
2021-01-05,1.8595812652240507,4.84728652210974,2.8533976984932483,0.4700479974663474,0.03223369633818972,0.5784312103825056
2021-01-06,1.8695156140425597,4.8713860048508435,2.867603126290071,0.47364629174588513,0.032452690083041136,0.5828083387077686
2021-01-07,1.8794582052495667,4.895487109893181,2.8818106345380894,0.4772618303288537,0.032672427845050346,0.5872054920641149
2021-01-08,1.8894090298984858,4.919589782047534,2.896020213590977,0.48089469558000325,0.032892911940655536,0.5916227556760262
2021-01-09,1.8993680785713833,4.94369396612092,2.910231853156252,0.484544970306187,0.0331141446920763,0.5960602151805545
2021-01-10,1.9093353420636543,4.967799606816593,2.924445543224256,0.48821273766583023,0.03333612842732337,0.6005179566275968
2021-01-11,1.919310811255291,4.9919066488202795,2.938661273778953,0.4918980812010918,0.03355886548020854,0.6049960664798946
2021-01-12,1.9292944770262859,5.0160150368538625,2.9528790347979283,0.49560108484105636,0.03378235819035441,0.6094946316130346
2021-01-13,1.9392861904753094,5.0401247156454305,2.96709881625239,0.4993218329213799,0.03400660890320425,0.6140137388498449
2021-01-14,1.9492862956472667,5.064235629897985,2.9813206081071697,0.5030604102325382,0.034231619965682164,0.618553475072729
2021-01-15,1.959294536616507,5.088347724293551,2.995544400320719,0.5068169019253399,0.03445739373104043,0.6231139279352853
2021-01-16,1.969310913383031,5.112460924293949,3.009770182845114,0.5105913935427018,0.03468393256585174,0.6276951854505934
2021-01-17,1.979335425946838,5.136575232001462,3.0239979456260526,0.5143839710236519,0.034911238838088554,0.6322973359903852
2021-01-18,1.9893680732220884,5.1606905291317915,3.038227678602854,0.5181947208663299,0.035139314921508825,0.6369204682850447
2021-01-19,1.9994088492984612,5.184806784016101,3.052459371708461,0.5220237298602697,0.035368163195662286,0.6415646714236088
2021-01-20,2.0094577463091374,5.2089239557913425,3.0666930148694385,0.5258710851026877,0.035597786045896695,0.6462300344610397
2021-01-21,2.019514757508237,5.2330419450247545,3.0809285980059733,0.5297368741599988,0.03582818586336404,0.6509166464591184
2021-01-22,2.0295798638991562,5.257160755900271,3.095166111031875,0.5336211849985536,0.03605936504502683,0.6556245971712067
2021-01-23,2.0396530678788762,5.281280316934029,3.1094055440165302,0.5375241059846383,0.03629132599366433,0.6603539766627511
2021-01-24,2.0497343552613905,5.3054005662022465,3.123646887042502,0.5414457262426869,0.03652407111787879,0.6651048753093982
2021-01-25,2.0598237136044086,5.329521442017409,3.1378901297728703,0.5453861351481661,0.0367576028226897,0.6698773837969954
2021-01-26,2.069921132244611,5.353642882692002,3.152135262106931,0.5493454221667474,0.03699192353269457,0.6746715931215899
2021-01-27,2.0800266028216674,5.377764826737087,3.166382273938037,0.5533236773702206,0.03722703567411735,0.6794875946140843
2021-01-28,2.090140115408931,5.401887225215352,3.180631155153598,0.5573209912397821,0.03746294167802698,0.6843254799412951
2021-01-29,2.10026165995011,5.4260100285529,3.1948818956350777,0.5613374546660348,0.037699643981260904,0.6891853410573322
2021-01-30,2.110391226282138,5.450133181340301,3.209134485257998,0.5653731593554109,0.03793714502642768,0.6940672702294988
2021-01-31,2.120528761801289,5.474256628168123,3.2233889138919354,0.5694281973689814,0.03817544726190972,0.6989713600385276
2021-02-01,2.1306743717580208,5.498380313626935,3.2376451714005237,0.5735026606637189,0.038414553141865905,0.7038977033785809
2021-02-02,2.140827953263,5.522504182302993,3.251903247641452,0.5775966419039159,0.03865446512623432,0.7088463934572509
2021-02-03,2.150989506292002,5.546628178751439,3.2661631324664664,0.5817102341755239,0.03889518568073487,0.713817504987962
2021-02-04,2.161159026235976,5.570752247543902,3.2804248157213682,0.5858435309861534,0.03913671727557829,0.7188111790906822
2021-02-05,2.171336507235725,5.594876333257316,3.294688287246015,0.5899966266303254,0.03937906238577421,0.7238274773157478
2021-02-06,2.1815219432782897,5.619000380468616,3.308953536874321,0.5941696159055204,0.039622223496163664,0.7288664956253978
2021-02-07,2.191715306922524,5.643124333754735,3.3232205544342555,0.5983625933842277,0.039866203095281695,0.733928329981871
2021-02-08,2.201916606789722,5.667248137695602,3.3374893300859623,0.6025756544014002,0.0401110036774248,0.739013076347406
2021-02-09,2.2121258284398326,5.691371736876662,3.351759853534646,0.6068088947263908,0.04035662774265221,0.7441208306842415
2021-02-10,2.222342959353133,5.715495075878333,3.366032114483614,0.6110624105629526,0.04060307779678709,0.7492516889969556
2021-02-11,2.232567987501689,5.739618099280795,3.38030610274867,0.6153362988543701,0.04085035635141778,0.754405747375448
2021-02-12,2.242800900857567,5.7637407516642325,3.3945818081401264,0.6196306571896889,0.04109846592389906,0.7595831022092874
2021-02-13,2.2530416873928334,5.787862977608868,3.4088592204628023,0.6239455828487763,0.04134740903735334,0.7647838502435196
2021-02-14,2.263290336774977,5.811984721704549,3.4231383295160254,0.6282811739108427,0.04159718822067193,0.7700080885485017
2021-02-15,2.2735468397184144,5.836105928546476,3.437419125093631,0.6326375289020513,0.041847806007856286,0.7752559144590442
2021-02-16,2.2838111853878447,5.860226542741046,3.4517015969839617,0.637014746795519,0.04209926493951668,0.7805274257320846
2021-02-17,2.2940833629453485,5.884346508929579,3.4659857349698693,0.64141292726456,0.04235156756194321,0.7858227202834553
2021-02-18,2.304363361553009,5.9084657717398015,3.4802715288287125,0.6458321707686108,0.04260471642704338,0.7911418965373046
2021-02-19,2.3146511703351362,5.932584275810459,3.494558968332358,0.6502725773649004,0.042858714092492804,0.7964850530747393
2021-02-20,2.3249467779573494,5.956701883772165,3.5088480432471796,0.6547342479520178,0.04311356312173613,0.8018522889582083
2021-02-21,2.3352501731488244,5.980818774930895,3.523138743334061,0.6592172838881118,0.04336926608398798,0.8072437034389564
2021-02-22,2.3455613448133787,6.004934681943093,3.5374310583483917,0.6637217869908905,0.04362582555423393,0.8126593961586425
2021-02-23,2.355880279036637,6.029049590823415,3.5517249780679063,0.6682478597454161,0.0438832441132314,0.8180994670986771
2021-02-24,2.3662069725738606,6.05316346467466,3.5660204926713748,0.6727956055712073,0.04414152434751065,0.8235640165407204
2021-02-25,2.376541404007782,6.077276249874844,3.580317591547971,0.6773651273721408,0.04440066884863818,0.8290531455900647
2021-02-26,2.3868835669586455,6.101387888531322,3.5946162644423705,0.6819565289450853,0.04466068021227383,0.8345669549569056
2021-02-27,2.3972334486913547,6.125498341252163,3.608916501094207,0.6865699145594473,0.044921561044197054,0.8401055452400215
2021-02-28,2.4075910401584557,6.149607542192055,3.6232182912380693,0.6912053889571709,0.04518331395384516,0.8456690179076221
2021-03-01,2.417956327960379,6.1737154280462,3.6375216246035067,0.6958630573875663,0.04544594155641671,0.8512574758338843
2021-03-02,2.4283293057326545,6.19782193663684,3.6518264909150226,0.7005430266502115,0.04570944647287192,0.8568710208353001
2021-03-03,2.4387099592508337,6.221927019777457,3.66613287989208,0.7052454023252553,0.04597383132993301,0.8625097547221922
2021-03-04,2.449098275292369,6.2460306252006355,3.6804407812490965,0.7099702912113913,0.04623909876008453,0.8681737809547169
2021-03-05,2.459494240634713,6.270132697659646,3.694750184695449,0.714717800584742,0.046505251401573744,0.873863203193969
2021-03-06,2.469897842055318,6.294233181913637,3.7090610799354717,0.7194880382010787,0.046772291898410985,0.8795781244217101
2021-03-07,2.480309068352296,6.318332022818606,3.723373456668454,0.7242811124550376,0.04704022290037001,0.8853186493365146
2021-03-08,2.490727909382937,6.342429165208799,3.7376873045886447,0.7290971331843423,0.04730904706298836,0.8910848790757664
2021-03-09,2.5011543533244756,6.366524553894305,3.7520026133852484,0.733936208995339,0.04757876704756771,0.8968769215336905
2021-03-10,2.511588388353592,6.390618133690165,3.7663193727424273,0.7387984497388258,0.04784938551670142,0.9026948803288941
2021-03-11,2.5220300026469693,6.414709849524163,3.780637572645677,0.743683965775045,0.04812090514039408,0.9085388601300909
2021-03-12,2.532479184299028,6.438799646307282,3.79495720299894,0.748592867976866,0.04839332860094279,0.9144089672669871
2021-03-13,2.542935921016812,6.462887468917614,3.809278253078136,0.7535252677329692,0.048666658582152716,0.9203053072719839
2021-03-14,2.553400200612483,6.486973262235983,3.823600712558088,0.75848127695103,0.04894089777354878,0.9262279860376643
2021-03-15,2.563872010916537,6.511056971242122,3.8379245711089074,0.7634610080609019,0.04921604887037428,0.9321771098710668
2021-03-16,2.5743513391039876,6.53513854092982,3.8522498183959915,0.7684645744048992,0.049492114573589686,0.9381527854936864
2021-03-17,2.584838174307195,6.5592179162754904,3.8665764440800268,0.7734920897236102,0.04976909758987132,0.9441551200414736
2021-03-18,2.595332500210244,6.583295042303147,3.880904437816986,0.7785436678387401,0.05004700063161003,0.950184221064835
2021-03-19,2.605834308581403,6.607369864019578,3.8952337892581292,0.7836194234004515,0.05032582641690993,0.9562401965129388
2021-03-20,2.6163435903126167,6.631442326473367,3.9095644880500053,0.7887194716088026,0.05060557766958709,0.9623231540382619
2021-03-21,2.6268603195583418,6.655512374746539,3.9238965238344488,0.7938439282175276,0.050886257119168284,0.9684332017662572
2021-03-22,2.6373845010370487,6.679579858900013,3.9382298862485827,0.7989929095378178,0.05116786750088961,0.9745704484972605
2021-03-23,2.647916117710479,6.703644993993202,3.9525645649248182,0.8041665324421017,0.05145041154666134,0.9807350034063668
2021-03-24,2.658455155305208,6.72770748539104,3.966900549490852,0.8093649143678264,0.051733892005057285,0.9869269760434308
2021-03-25,2.669001599701091,6.751767320887767,3.981237829569669,0.8145881727663381,0.05201831163076664,0.9931464763330672
2021-03-26,2.6795554367779855,6.77582446823625,3.995576394779543,0.819836426419786,0.052303673181122806,0.9993936145746501
2021-03-27,2.6901166524157456,6.79987888628759,4.009916234734034,0.8251097944642924,0.05258997941910241,1.0056685014423135
2021-03-28,2.7006852335851317,6.8239304743259845,4.024257339041987,0.8304083965558264,0.05287723311332186,1.01197124776209
2021-03-29,2.711261169799851,6.847979239402216,4.03859969730754,0.8357323529251147,0.05316543703803399,1.0183019637779105
2021-03-30,2.721844448400693,6.872025109982886,4.052943299130114,0.8410817843809684,0.05345459397312457,1.0246607606951448
2021-03-31,2.7324350565745457,6.8960680241342605,4.067288134104419,0.8464568123136078,0.05374470670410899,1.0310477501482194
2021-04-01,2.7430329815082977,6.9201079202156475,4.081634192835556,0.8518575586979885,0.0540357780221288,1.0374630440958628
2021-04-02,2.7536382103888366,6.944144736586354,4.095981464323664,0.8572841458513026,0.054327810723948294,1.0439067548211063
2021-04-03,2.7642507302791466,6.968178414652812,4.110329937956314,0.8627366962178794,0.054620807611951136,1.0503789949312838
2021-04-04,2.7748705277328924,6.992208910512899,4.124679603326982,0.8682153339529154,0.05491477149413693,1.056879877358032
2021-04-05,2.785497589543279,7.016236171358697,4.139030450024966,0.8737201832788144,0.0552097051719189,1.0634095153572893
2021-04-06,2.7961319025919793,7.04026014262591,4.153382467635381,0.8792513690043494,0.05550561147219387,1.0699680224865498
2021-04-07,2.806773448185456,7.0642807697502406,4.167735645739159,0.8848090165272199,0.05580249321951292,1.0765555126153656
2021-04-08,2.817422229310063,7.088297998185506,4.18208997391305,0.8903932518366092,0.056100353243586414,1.0831720999552754
2021-04-09,2.8280782150348873,7.112311773720293,4.196445441729625,0.8960042015157419,0.056399194379665216,1.089817899040411
2021-04-10,2.8387413977892706,7.1363220420481905,4.210802038757269,0.9016419927444417,0.05669901946853528,1.0964930247274902
2021-04-11,2.849411764336386,7.160328748765317,4.225159754560186,0.9073067531312492,0.05699983135651218,1.1031975921958175
2021-04-12,2.8600893045775986,7.184331839467791,4.239518578698401,0.9129986110267413,0.05730163289543564,1.1099317169472824
2021-04-13,2.8707739992511803,7.208329957353805,4.253878500727753,0.918717695458176,0.0576044269426641,1.1166955148063618
2021-04-14,2.881465844397882,7.232326265236433,4.268239510199902,0.9244641359826914,0.057908216361069235,1.1234890412235052
2021-04-15,2.892164822849764,7.256318564456787,4.2826015966623245,0.9302380627627463,0.058213004019030505,1.1303125585706566
2021-04-16,2.902870919218171,7.280306855014866,4.296964749658315,0.9360396065684743,0.058518792790429694,1.137166089979324
2021-04-17,2.913584118114446,7.304291136910672,4.311328958726987,0.9418688987800361,0.05882558555236282,1.1440497546828603
2021-04-18,2.924304404149933,7.328271410144203,4.3256942134032705,0.9477260713899734,0.059133385181103164,1.1509636719146177
2021-04-19,2.9350317625212314,7.3522476578764975,4.3400605032179165,0.953611257013613,0.05944219457371244,1.157907960907949
2021-04-20,2.9457661819030805,7.376219839952435,4.3544278176974895,0.959524589289294,0.05975201662536984,1.1648827408962068
2021-04-21,2.9565076489713817,7.400187935382834,4.368796146676261,0.9654662018457062,0.060062854236674346,1.1718881311127438
2021-04-22,2.967256149891858,7.424151856297035,4.383165480612298,0.971436229196547,0.06037471031363732,1.1789242507909123
2021-04-23,2.978011670830231,7.448111635498714,4.397535808038015,0.9774348064855378,0.06068758776767501,1.1859912193248292
2021-04-24,2.988774197952224,7.472067033643295,4.4119071184838665,0.9834620694890822,0.06100148951560113,1.1930891564072175
2021-04-25,2.999543717130039,7.496018171195256,4.426279401476758,0.989518154618924,0.061316418479619376,1.2002181814897463
2021-04-26,3.010320213907004,7.519964971594121,4.440652646540044,0.995603198924806,0.06163237758731602,1.2073784140136221
2021-04-27,3.0211036741928092,7.543907360665399,4.455026843193531,1.0017173400971269,0.06194936977165242,1.2145699735329067
2021-04-28,3.0318940839030706,7.567845272576811,4.469401980953476,1.007860716644103,0.06226739797095759,1.2217929817399553
2021-04-29,3.0426914289534053,7.591778641496077,4.483778049332584,1.0140334677702023,0.06258646512892073,1.229047559839867
2021-04-30,3.0534956952478365,7.615707403089192,4.498155037840011,1.0202357329349256,0.06290657418882864,1.2363338284412186
2021-05-01,3.0643068682839014,7.639631517312131,4.512532935981365,1.0264676524644085,0.0632277281008082,1.2436519081525872
2021-05-02,3.0751249334596684,7.6635509370470745,4.5269117332587,1.0327293673437417,0.06354992982976645,1.2510019206663057
2021-05-03,3.085949876446763,7.687465608713124,4.541291419170524,1.0390210192198601,0.06387318234001015,1.2583839896474964
2021-05-04,3.0967816761881664,7.711375478729383,4.555671983211796,1.0453427504044313,0.06419748860110684,1.2657982371563952
2021-05-05,3.107620337843653,7.7352804935342885,4.57005341487392,1.0516947038767448,0.06452285158787513,1.273244785186319
2021-05-06,3.1184658260058344,7.759180599808711,4.584435703644754,1.0580770232866006,0.06484927428037499,1.2807237558676106
2021-05-07,3.1293181323892414,7.7830757443140595,4.598818839008607,1.064489852957198,0.06517675966389813,1.2882352738530067
2021-05-08,3.14017724320254,7.806965873807899,4.613202810446237,1.0709333380503048,0.06550531072895831,1.295779463203586
2021-05-09,3.151043147547757,7.830850934125469,4.627587607434848,1.0774076242206516,0.06583493047128164,1.3033564472865478
2021-05-10,3.161915822872561,7.854730870712045,4.6419732194481025,1.0839128578046373,0.06616562189179694,1.3109663494690917
2021-05-11,3.172795266517186,7.878605626277954,4.656359635956107,1.0904491858702996,0.06649738799662601,1.3186092938433414
2021-05-12,3.183681459388779,7.902475152525087,4.670746847359709,1.0970167561758781,0.06683023179707405,1.326285406275169
2021-05-13,3.1945743846146675,7.9263394066469255,4.6851348429588775,1.1036157171728087,0.0671641562991196,1.3339948120405245
2021-05-14,3.20547402532218,7.950198316590747,4.699523611726038,1.1102462180087203,0.06749916452615226,1.3417376365348406
2021-05-15,3.2163803646386437,7.974051864338539,4.713913143138405,1.1169084085304302,0.06783525950800956,1.349514005318441
2021-05-16,3.2272933869366165,7.99789998523387,4.728303426670289,1.1236024392869397,0.06817244427576262,1.3573240445355108
2021-05-17,3.2382130800483067,8.021742620601648,4.7426944517930965,1.1303284615412719,0.06851072186554596,1.365167880340048
2021-05-18,3.2491394291754965,8.045579711766782,4.7570862079753296,1.137086627355695,0.06885009531854536,1.373045639472952
2021-05-19,3.2600724192798713,8.06941120005418,4.771478684682584,1.1438770893448855,0.06919056768098555,1.3809574486912892
2021-05-20,3.2710120353231176,8.093237026788751,4.785871871377552,1.150700000906888,0.06953214200411811,1.3889034353560765
2021-05-21,3.2819582622382173,8.117057135718982,4.800265757520021,1.1575555161580438,0.0698748213442092,1.3968837266979768
2021-05-22,3.292911084458454,8.140871486345237,4.814660332566876,1.1644437899360403,0.07021860876252738,1.4048984507016664
2021-05-23,3.3038704865691497,8.164680028705481,4.829055585972095,1.1713649778029598,0.07056350732533129,1.4129477352267488
2021-05-24,3.314836453297989,8.188482710201253,4.843451507186752,1.1783192360483286,0.07090952010385763,1.4210317087502917
2021-05-25,3.3258089693726562,8.212279478234082,4.8578480856590165,1.1853067216921644,0.0712566501743088,1.4291504998149693
2021-05-26,3.336788019520836,8.236070280205507,4.8722453108341535,1.192327592488027,0.07160490060134489,1.4373042373281328
2021-05-27,3.3477733566567354,8.259855063517056,4.886643172154524,1.199382007012233,0.07195427448101767,1.445493050553584
2021-05-28,3.3587655511203542,8.283633775821624,4.901041659059582,1.2064701245807565,0.07230477490426705,1.4537170690749772
2021-05-29,3.369764178879878,8.30740636546243,4.915440760985883,1.213592105096825,0.07265640496604217,1.461976423352758
2021-05-30,3.3807692399353066,8.331172780317136,4.929840467367069,1.2207481092993924,0.07300916776611606,1.4702712430778038
2021-05-31,3.39178073428664,8.354932968075385,4.944240767633886,1.2279382986784242,0.0733630664090706,1.4786016579161005
2021-06-01,3.402798659953387,8.378686876661662,4.958641650321229,1.235162835478049,0.0737181040042815,1.4869677975536768
2021-06-02,3.413823006191263,8.402434447536804,4.973043108360784,1.2424218826997102,0.07407428366590324,1.4953697937871258
2021-06-03,3.4248537633246237,8.42617564822717,4.987445128788554,1.2497156041053161,0.07443160851285395,1.5038077786278312
2021-06-04,3.435890912259789,8.449910395217827,5.001847701049716,1.2570441642203916,0.0747900816688005,1.5122818830396607
2021-06-05,3.446934439566863,8.473638659977546,5.016250814586604,1.2644077283372297,0.07514970626214329,1.5207922379864818
2021-06-06,3.4579843271157054,8.497360413949549,5.030654458838744,1.2718064627742232,0.07551048542600133,1.5293389747015214
2021-06-07,3.469040567618151,8.521075516544348,5.045058623242877,1.279240534306666,0.07587242229518902,1.5379222269175672
2021-06-08,3.4801031389095227,8.544784014758392,5.059463297232997,1.2867101105203225,0.07623551999911839,1.546542127340482
2021-06-09,3.491172020617253,8.568485837795691,5.0738684702403765,1.2942153598393722,0.07659978169500212,1.5551988082043706
2021-06-10,3.5022471969102766,8.592180922212846,5.0882741316936,1.3017564514740227,0.07696521053372433,1.563892401743338
2021-06-11,3.513328654131596,8.615869207149913,5.102680271018593,1.309333555423819,0.07733180967073178,1.5726230437766602
2021-06-12,3.52441637617572,8.639550632048703,5.1170868776386556,1.3169468424809536,0.07769958226601595,1.5813908619500385
2021-06-13,3.5355103468405717,8.663225151694512,5.1314939409744875,1.3245964842335756,0.07806853148409511,1.590195995720021
2021-06-14,3.5466105497883693,8.686892720920822,5.145901450444226,1.3322826530691019,0.07843866049399631,1.599038577902481
2021-06-15,3.5577169687778247,8.71055328840535,5.160309395463471,1.340005522217174,0.07880997246923747,1.60791874157643
2021-06-16,3.568829546054409,8.734206802825813,5.174717765445316,1.3477652659638417,0.07918247058780935,1.6168366213248293
2021-06-17,3.579948380711164,8.7578532131055,5.189126549800385,1.355562058939948,0.07955615803215767,1.6257923525512374
2021-06-18,3.591073358059558,8.781492468469613,5.2035357379368525,1.3633960767952222,0.07993103798916508,1.634786070110983
2021-06-19,3.6022044764585273,8.805124517864277,5.217945319260486,1.3712674959987246,0.08030711365013325,1.6438179092288019
2021-06-20,3.6133417268324495,8.828749310231158,5.232355283174665,1.3791764938423194,0.08068438820507533,1.6528880054988364
2021-06-21,3.6244850939798887,8.85236635942369,5.246765619080423,1.3871232484441496,0.08106286484848112,1.6619964948846355
2021-06-22,3.6356345641946737,8.875976750518111,5.261176317114786,1.3951079387521093,0.08144254678981103,1.6711435137191553
2021-06-23,3.6467901162900564,8.899579594388252,5.275587367066583,1.403130744547319,0.08182343723669289,1.680329198656968
2021-06-24,3.6579517425700945,8.923174891034114,5.289998757477098,1.4111918464475979,0.08220553940096707,1.6895536854910949
2021-06-25,3.669119421830882,8.946762639223493,5.304410477759117,1.4192914260993554,0.0825888564986636,1.698817110583331
2021-06-26,3.680293134432159,8.9703428170724,5.318822517324078,1.4274296659258319,0.08297339174997921,1.7081196109970376
2021-06-27,3.691472860853732,8.99391538311707,5.333234865582112,1.4356067489329092,0.08335914837925434,1.71746132408642
2021-06-28,3.702658585964496,9.017480289461579,5.347647511942088,1.4438228591483198,0.08374612961495027,1.726842387496528
2021-06-29,3.7138502944514604,9.041037487714515,5.36206044581166,1.452078181456446,0.08413433868962612,1.7362629391632554
2021-06-30,3.7250479694579295,9.0645869362419,5.376473656597314,1.4603729016018945,0.08452377883991594,1.74572311731334
2021-07-01,3.7362515941220087,9.088128574366525,5.390887133704409,1.468707206193072,0.08491445330061678,1.7552230603830294
2021-07-02,3.7474611513316027,9.11166234295608,5.4053008665372255,1.4770812827057582,0.08530636531963597,1.7647629062327663
2021-07-03,3.758676623970548,9.13518819246726,5.419714844499015,1.4854953194866827,0.08569951814545611,1.7743427927019666
2021-07-04,3.769897995019093,9.158706079471616,5.4341290569920355,1.493949505757098,0.08609391503025579,1.783962858704211
2021-07-05,3.7811250800655767,9.18221595397964,5.448543493417609,1.5024440316163545,0.08648955923012286,1.7936232434660229
2021-07-06,3.7923582955378037,9.20571776605359,5.462958143176156,1.5109790880454763,0.08688645400502934,1.8033240861248354
2021-07-07,3.803597308344623,9.229211466151053,5.47737299566725,1.5195548675261894,0.08728460261880637,1.8130655260608304
2021-07-08,3.8148421184860353,9.252697004587795,5.491788040289656,1.5281715624675107,0.08768400833911909,1.8228477028649925
2021-07-09,3.8260927258536768,9.276174331623084,5.506203266441383,1.5368293665259134,0.08808467443744161,1.8326707563135634
2021-07-10,3.8373491212096087,9.299643252328368,5.5206186635197225,1.5455284742906006,0.08848660418903193,1.8425348264891692
2021-07-11,3.8486112963820056,9.32310411973004,5.5350342209212995,1.5542690812543904,0.08888980086987663,1.8524400535646264
2021-07-12,3.859879229116585,9.3465565481531,5.549449928042115,1.5630513838174476,0.08929426776042293,1.8623865779661466
2021-07-13,3.871152910946071,9.370000533428886,5.563865774277594,1.571875579291013,0.0897000081493898,1.8723745403013154
2021-07-14,3.8824323088025263,9.393436036479931,5.5782817490226275,1.5807418659011367,0.09010702532634861,1.8824040813256238
2021-07-15,3.8937174259299323,9.416863044802106,5.592697841671622,1.5896504427924079,0.09051532258447238,1.8924753420468052
2021-07-16,3.905008237762493,9.440281486308733,5.607114041618543,1.5986015100316857,0.09092490322050832,1.9025884636281674
2021-07-17,3.9163047234496355,9.463691404287069,5.62153033825696,1.607595268611831,0.09133577053475031,1.9127435874182672
2021-07-18,3.927606862165791,9.487092525445835,5.635946720980094,1.616631920751431,0.09174792783101145,1.9229408550165055
2021-07-19,3.9389146333900413,9.51048499629343,5.650363179378792,1.6257116696528113,0.09216137841659648,1.9331804080155255
2021-07-20,3.950228022390686,9.53386875628333,5.664779703280028,1.6348347187855288,0.09257612560227436,1.9434623884022286
2021-07-21,3.9615470130639387,9.557243735112124,5.67919628156896,1.6440012729381854,0.09299217270225071,1.9537869381432846
2021-07-22,3.972871587670972,9.580609875745731,5.693612903647304,1.6532115378490122,0.0934095230244943,1.9641541995550382
2021-07-23,3.984201728472958,9.603967121260546,5.708029558917036,1.662465720209797,0.09382817989570166,1.9745643150076864
2021-07-24,3.995537417635616,9.627315414732958,5.722446236780447,1.671764027669809,0.09424814663954761,1.9850174269686813
2021-07-25,4.0068786370144105,9.650654699239363,5.736862926640198,1.6811066688397258,0.09466942658288414,1.9955136782571445
2021-07-26,4.018225368670466,9.673984920014748,5.751279617899365,1.6904938532955596,0.09509202305578267,2.0060532117890757
2021-07-27,4.029577594688307,9.69730604317194,5.7656962999615,1.6999257915825834,0.09551593939150309,2.0166361705677396
2021-07-28,4.040935001084211,9.720618030323122,5.780112962230679,1.709402695219257,0.09594117892646303,2.027262697696287
2021-07-29,4.052298315649287,9.743920830106475,5.794529594111553,1.7189247767011526,0.096367745000207,2.0379329364682435
2021-07-30,4.063667004846552,9.767214394404347,5.808946185009402,1.7284922502222264,0.09679564095537556,2.0486470303675097
2021-07-31,4.075041068676007,9.790498667516989,5.823362724330191,1.7381053299308857,0.09722487013767445,2.0594051230683594
2021-08-01,4.086420507137652,9.813773624984231,5.837779201480613,1.7477642312302615,0.09765543589115548,2.0702073584194656
2021-08-02,4.097805319273878,9.837039189216183,5.852195605868153,1.7574691706226246,0.09808734156489154,2.0810538801100193
2021-08-03,4.109195495646462,9.860295327706364,5.86661192690113,1.7672203656122591,0.09852059051655696,2.091944832075052
2021-08-04,4.120591020770367,9.883541994324782,5.881028153988757,1.7770180347095907,0.09895518610299424,2.102880358518847
2021-08-05,4.131991877309648,9.906779138080074,5.895444276541188,1.786862397435316,0.099391131683876,2.113860603809788
2021-08-06,4.14339804574044,9.9300067275569,5.909860283969574,1.7967536743245325,0.09982843062167071,2.124885712480358
2021-08-07,4.154809502221935,9.953224706897561,5.924276165686113,1.8066920869308667,0.10026708628160833,2.1359558292271403
2021-08-08,4.166226237975863,9.976433022722961,5.938691911104104,1.8166778578306046,0.10070710203164607,2.1470710988927566
2021-08-09,4.17764822688096,9.999631621654009,5.953107509637999,1.8267112106268208,0.10114848124243415,2.158231665929578
2021-08-10,4.189075477679604,10.022820453156298,5.967522950703453,1.836792370188015,0.10159122728728147,2.1694376750008098
2021-08-11,4.200507906747229,10.045999478814657,5.98193822371738,1.8469215626465982,0.10203534354187213,2.1806892710827914
2021-08-12,4.211945555988551,10.069168652867235,5.996353318098004,1.8570990143335229,0.10248083337461955,2.1919865992729965
2021-08-13,4.223388400078517,10.092327928318845,6.010768223264909,1.867324953055428,0.10292770017276306,2.203329804790031
2021-08-14,4.234836414075845,10.115477258174291,6.025182928639097,1.877599607671444,0.10337594731909416,2.2147190329736373
2021-08-15,4.2462895764275626,10.138616595778505,6.039597423559189,1.8879232080975237,0.1038255781988091,2.226154429278116
2021-08-16,4.257747865580693,10.161745895071077,6.0540116965415764,1.898295985310769,0.10427659619947109,2.237636138974816
2021-08-17,4.26921125998226,10.184865109482935,6.06842573783933,1.9087181713537595,0.1047290047109724,2.249164307455899
2021-08-18,4.280679738079289,10.207974192424864,6.082839536867177,1.919189999338882,0.10518280712549652,2.26073908033172
2021-08-19,4.292153279547465,10.231072250443443,6.097253083041014,1.9297117034526572,0.1056380068374802,2.2723606033092434
2021-08-20,4.303631870766385,10.254161358470355,6.111666365777945,1.9402835189600702,0.1060946072435757,2.2840290221920387
2021-08-21,4.315115493811248,10.27724002159261,6.126079374496329,1.950905682208897,0.10655261174261282,2.2957444828802847
2021-08-22,4.326604129780608,10.300308239810205,6.140492098615821,1.961578431272313,0.10701202372679859,2.3075071313694613
2021-08-23,4.338097759773022,10.32336601312314,6.1549045275574175,1.9723020044957105,0.1074728465968271,2.319317113603209
2021-08-24,4.349596364887042,10.346413340785187,6.1693166507434976,1.9830766413965113,0.10793508376328156,2.3311745754310182
2021-08-25,4.361099926221227,10.369450199831395,6.183728457597868,1.9939025827555812,0.10839873863249577,2.343079662845475
2021-08-26,4.372608424682503,10.392476563831817,6.198139937545804,2.004780070463479,0.10886381461272698,2.3550325219122343
2021-08-27,4.384121840842575,10.41549240305503,6.212551080014097,2.0157093475249876,0.10933031511411596,2.367033298754543
2021-08-28,4.395640155472367,10.438497606704908,6.226961874431093,2.0266906580636483,0.10979824354864683,2.3790821395557
2021-08-29,4.407163349365826,10.461492206298374,6.2413723102267396,2.03772424732629,0.11026760333010707,2.39117919055005
2021-08-30,4.418691403256959,10.48447613876714,6.255782376832627,2.0488103616875635,0.1107383978740475,2.4033245979822184
2021-08-31,4.430224296697383,10.507449348722853,6.270192063682034,2.059949248654471,0.11121063059774215,2.415518508082778
2021-09-01,4.441762013334384,10.530411782177477,6.284601360209967,2.0711411568708993,0.11168430492014829,2.427761067133062
2021-09-02,4.453304526433145,10.55336338800924,6.299010255853208,2.082386336304952,0.11215942426186629,2.4400524214280814
2021-09-03,4.464851823875931,10.576304130688339,6.313418740050355,2.09368503850472,0.11263599204509964,2.452392717291198
2021-09-04,4.476403892177942,10.599233967079275,6.327826802241866,2.1050375150945198,0.11311401169361487,2.464782101041565
2021-09-05,4.487960687220548,10.622152852233677,6.342234431870104,2.1164440193702974,0.11359348660056721,2.4772207189999382
2021-09-06,4.499522219732915,10.64506074130084,6.356641618379377,2.127904805792999,0.11407442021477175,2.489708717485279
2021-09-07,4.511088462873048,10.667957590077442,6.371048351215984,2.1394201299933187,0.11455681596309679,2.5022462428120638
2021-09-08,4.522659393799231,10.690843354074746,6.385454619828258,2.150990248776443,0.11504067727354247,2.514833441286763
2021-09-09,4.534234990091973,10.713717988715015,6.399860413666609,2.1626154201268024,0.11552600757534756,2.5274704591971746
2021-09-10,4.545815229331782,10.736581105727995,6.414265722183565,2.1742959032128155,0.11601281029894531,2.540157442817727
2021-09-11,4.557400089905085,10.759433563097938,6.42867053483382,2.1860319583916374,0.11650108887591919,2.552894538387453
2021-09-12,4.568989555963426,10.782274643797805,6.443074839771199,2.1978238472139076,0.11699084673895885,2.5656818921272913
2021-09-13,4.580583608747964,10.805104347827594,6.457478627414212,2.2096718324284965,0.11748208732181582,2.57851965021596
2021-09-14,4.592182228556276,10.827922672192622,6.471881887330879,2.2215761786133017,0.11797481405925939,2.5914079587419043
2021-09-15,4.603785395685941,10.850729589126338,6.486284608967451,2.2335371508696436,0.11846903038703244,2.604346963766142
2021-09-16,4.615393090418097,10.87352507543531,6.500686781771856,2.2455550153905475,0.11896473974180724,2.617336811353719
2021-09-17,4.627005292686022,10.896309075950427,6.515088395193731,2.2576300398303215,0.11946194556114127,2.6303776475293423
2021-09-18,4.6386219825095525,10.919081558603063,6.529489438684449,2.2697624930710996,0.11996065126642699,2.6434696182773796
2021-09-19,4.650243140015948,10.941842466988172,6.543889901697156,2.281952645227816,0.1204608602835877,2.65661286954186
2021-09-20,4.661868745332464,10.964591787124936,6.558289773686797,2.294200767653181,0.12096257606914272,2.669807547176929
2021-09-21,4.6734987784849435,10.987329460708388,6.572689044110147,2.3065071329426545,0.12146580206174207,2.683053796706655
2021-09-22,4.685133218045572,11.010055434919757,6.587087702425847,2.318872014939421,0.12197054170054242,2.696351763739555
2021-09-23,4.69677204509188,11.032769657307036,6.601485738094429,2.331295688739364,0.12247679842515766,2.709701593856972
2021-09-24,4.708415239661786,11.055472090719832,6.615883140578353,2.3437784306960423,0.1229845756756093,2.7231034325765924
2021-09-25,4.720062781793214,11.078162697869741,6.630279899342032,2.356320518548988,0.12349387689227705,2.736557425352448
2021-09-26,4.731714651524082,11.100841435860659,6.644676003851867,2.3689222319712115,0.1240047055158492,2.7500637175749127
2021-09-27,4.743370828892314,11.123508261813676,6.659071443576276,2.381583850572247,0.12451706498727323,2.763622452982942
2021-09-28,4.755031293245941,11.146163133462231,6.673466207985729,2.3943056558497466,0.1250309587477062,2.7772337774488136
2021-09-29,4.7666960223082615,11.168806008513418,6.687860286552773,2.4070879305898036,0.1255463902384653,2.7908978361308265
2021-09-30,4.778364997696612,11.191436844461954,6.702253668752069,2.419930958872156,0.12606336290097828,2.804614773977307
2021-10-01,4.790038199272364,11.21405522597254,6.716646344060416,2.4328350260753973,0.126581880176734,2.8183847358590897
2021-10-02,4.801715606896884,11.23666208230303,6.731038301956788,2.445800418882185,0.1271019454690315,2.8322078665695183
2021-10-03,4.813397200431541,11.25925665708232,6.745429531922367,2.458827425284448,0.12762356224019675,2.8460843108244465
2021-10-04,4.8250829597377045,11.281838950310412,6.759820023440566,2.471916334588594,0.12814673393370907,2.8600142114661278
2021-10-05,4.83677286322181,11.304408961134527,6.774209765997065,2.485067437420719,0.1286714639886377,2.873997711464063
2021-10-06,4.848466888957676,11.326966669475553,6.788598749079841,2.498281025731816,0.12919775584369836,2.888034956448844
2021-10-07,4.860165018306002,11.349512047478148,6.802986962179202,2.5115573933737214,0.12972561293719784,2.9021260903954413
2021-10-08,4.87186723091657,11.37204505199732,6.817374394787813,2.524896835048724,0.13025503870697933,2.916271257168489
2021-10-09,4.883573506439161,11.394565638365751,6.83176103608233,2.5382996464616085,0.13078603659036703,2.9304706005222796
2021-10-10,4.895283824523555,11.417073765417165,6.846146875702593,2.551766124983111,0.1313186100241112,2.9447242641007687
2021-10-11,4.906998164819534,11.439569395304014,6.860531903252522,2.565296569341061,0.131852762444333,2.959032391223443
2021-10-12,4.918716502823951,11.46205248221851,6.874916108229171,2.57889127962583,0.1323884972864695,2.9733951199400166
2021-10-13,4.930438822471253,11.484523016423992,6.889299480131899,2.59255055729578,0.13292581798521855,2.987812596394298
2021-10-14,4.9421651010462515,11.506980879259038,6.903682008462386,2.6062747051827095,0.1334647279744836,3.0022849632325666
2021-10-15,4.953895318133893,11.52942611443941,6.918063682724669,2.620064027497304,0.13400523067464967,3.0168123629469243
2021-10-16,4.96562945328783,11.551858664565781,6.932444492425163,2.6339188298345815,0.13454732949747117,3.0313949378752953
2021-10-17,4.977367486030422,11.574278480752609,6.946824427072692,2.647839419179342,0.13509102789376104,3.0460328302014252
2021-10-18,4.989109395852732,11.596685516057763,6.961203476178515,2.6618261039649034,0.13563632929171363,3.0607261819548817
2021-10-19,5.000855159429518,11.61907972353911,6.975581629256353,2.6758791949225764,0.13618323711829716,3.0754751315747546
2021-10-20,5.012604756777034,11.641461056254524,6.989958875822418,2.689999002613498,0.13673175479919336,3.0902798198584573
2021-10-21,5.024358167897626,11.663829471396694,7.004335205395436,2.704185839702338,0.1372818857587371,3.1051403894602267
2021-10-22,5.036115371925612,11.686184940991614,7.018710607496679,2.7184400202769474,0.13783363341985588,3.1200569811729926
2021-10-23,5.04787634795049,11.708527426388807,7.033085071649992,2.7327618598540515,0.13838700120400962,3.1350297355887586
2021-10-24,5.059641075016942,11.730856887517529,7.047458587381816,2.7471516753849397,0.13894199253113007,3.1500587930986055
2021-10-25,5.071409532124826,11.753173284307033,7.061831144221218,2.7616097852611627,0.13949861081956058,3.165144293892688
2021-10-26,5.083181698229183,11.775476576686572,7.07620273169992,2.776136509320222,0.14005685948599556,3.1802863780505173
2021-10-27,5.094957552240235,11.797766725091376,7.090573339352323,2.790732168851265,0.1406167419454202,3.1954851779763147
2021-10-28,5.1067370730233845,11.820043691151126,7.1049429567155356,2.805397086600776,0.14117826161105,3.2107408377546784
2021-10-29,5.118520239752334,11.842307435489108,7.119311573329403,2.82013158677827,0.1417414218619113,3.2260534960593525
2021-10-30,5.130307031073667,11.8645579186562,7.133679178736531,2.8349359955772737,0.14230622611943147,3.2414232913492107
2021-10-31,5.142097425676588,11.88679510120328,7.148045762482316,2.849810640394157,0.14287267779691826,3.2568503618618885
2021-11-01,5.153891402273552,11.909018943681225,7.162411314114969,2.8647558495277474,0.14344078029780336,3.272334845607416
2021-11-02,5.165688939533729,11.93122855349532,7.176775823185548,2.879771953168594,0.14401053702328415,3.28787688036185
2021-11-03,5.177490016082999,11.953426011271135,7.19113927924798,2.8948592830052764,0.14458195137225788,3.3034765994719515
2021-11-04,5.1892946105039535,11.97560985486521,7.205501671859092,2.910018172230356,0.14515502674125574,3.319134140691404
2021-11-05,5.201102701335896,11.99778008427754,7.219862990756108,2.9252489555463232,0.14572976652437716,3.334849641441513
2021-11-06,5.212914267074841,12.019936699508127,7.234223225506581,2.940551969171545,0.14630617411322386,3.3506232377686698
2021-11-07,5.224729286173517,12.042079700556972,7.248582365546941,2.955927550846214,0.14688425289683404,3.3664550653676786
2021-11-08,5.236547739724979,12.06420907066747,7.262940400449854,2.971376039838297,0.14746400626161657,3.3823452595710672
2021-11-09,5.2483696047700095,12.086324786156466,7.277297319791174,2.986897776949481,0.14804543759128513,3.3982939553383926
2021-11-10,5.260194859534413,12.10842682599585,7.2916531131499855,3.0024931045211254,0.14862855026679234,3.41430128724555
2021-11-11,5.272023482478879,12.130515131104778,7.306007770108626,3.018162367503983,0.149213347657107,3.430367389138462
2021-11-12,5.283855452031296,12.152589717998453,7.320361280252718,3.0339059106881914,0.14979983310814832,3.4464923934896725
2021-11-13,5.295690746586743,12.17465043451233,7.334713633171203,3.0497240811175423,0.15038801001646504,3.462676434378507
2021-11-14,5.307529344507496,12.196697355021325,7.349064818456365,3.0656172274274622,0.15097788174920063,3.478919644527378
2021-11-15,5.319371224123025,12.218730424594073,7.363414825703867,3.0815856998295295,0.15156945167024127,3.49522215619579
2021-11-16,5.331216363729997,12.240749592939382,7.377763644512774,3.0976298501176807,0.1521627231401443,3.5115841011683107
2021-11-17,5.343064741592269,12.262754814201973,7.392111264485591,3.113750031674417,0.15275769951606682,3.528005610742542
2021-11-18,5.3549163381447,12.284746042526566,7.406457675228285,3.12994659947701,0.153354384151694,3.544486815717094
2021-11-19,5.3667711302596945,12.30672323315086,7.420802866350326,3.146219910103712,0.1539527803971676,3.5610278463795546
2021-11-20,5.37862909617524,12.328686359053151,7.435146827464702,3.162570321739959,0.15455289159901445,3.577628834446918
2021-11-21,5.390490214159619,12.350635390244923,7.449489548187964,3.17899819418458,0.15515472110007494,3.5942899092875775
2021-11-22,5.402354462456122,12.372570288326322,7.463831018140246,3.195503889307331,0.15575827223943145,3.611011199221168
2021-11-23,5.414221819283055,12.394491015587514,7.478171226945299,3.212087770567874,0.1563635483523368,3.6277928327515148
2021-11-24,5.42609226283373,12.416397537468681,7.492510164230522,3.22875020222084,0.15697055277014277,3.644634937856211
2021-11-25,5.437965771276471,12.43828981288003,7.50684781962699,3.245491550656542,0.15757928879005126,3.661537641976861
2021-11-26,5.449842322754616,12.460167808867523,7.521184182769484,3.2623121839166385,0.15818975973950603,3.6785010720093285
2021-11-27,5.4617218954188465,12.48203149045569,7.535519243296523,3.279212471700609,0.15880196894796741,3.695525354293978
2021-11-28,5.473604468101985,12.503880828164798,7.549852990850393,3.296192785372234,0.15941591972818464,3.7126106149964295
2021-11-29,5.485490018389273,12.525715788012674,7.564185415077176,3.313253497966072,0.1600316153884706,3.729756981938633
2021-11-30,5.497378524368635,12.547536329647793,7.578516505626783,3.3303949841939366,0.1606490592326244,3.746964578334473
2021-12-01,5.509269964105717,12.569342413075118,7.592846252152979,3.347617620451378,0.1612682545598539,3.764233528578169
2021-12-02,5.521164315643884,12.591133998299615,7.607174644433368,3.3649217848241553,0.1618892046646982,3.7815639565053347
2021-12-03,5.533061557004228,12.612911046120336,7.621501672237676,3.382307857094719,0.16251191283695007,3.7989559853855956
2021-12-04,5.544961666185557,12.634673527557599,7.635827325046856,3.3997762197405357,0.16313638236157862,3.8164097379152118
2021-12-05,5.556864621164404,12.656421409798774,7.650151592533151,3.417327255467608,0.16376261651865162,3.8339253362096986
2021-12-06,5.5687703998950235,12.67815465754784,7.664474464372901,3.434961349157915,0.16439061858325818,3.851502901796445
2021-12-07,5.580678980328293,12.69987323550877,7.678795930246584,3.4526788875234633,0.16502039182543107,3.8691425557501864
2021-12-08,5.5925903405145085,12.72157710838554,7.6931159798388355,3.4704802590122945,0.16565193950499607,3.886844418442412
2021-12-09,5.6045044582369,12.743266241378478,7.707434602838492,3.4883658538152327,0.1662852648435873,3.904608609548698
2021-12-10,5.616421311368062,12.764940600429815,7.721751788938615,3.5063360638726273,0.1669203711241556,3.922435248201662
2021-12-11,5.628340877758707,12.786600151039512,7.736067527836524,3.524391282881103,0.16755726159355602,3.9403244529126416
2021-12-12,5.640263135237669,12.808244858807166,7.750381809233829,3.542531906300301,0.16819593949302647,3.9582763415645004
2021-12-13,5.652188061611902,12.829874688973666,7.764694622836463,3.560758331359627,0.1688364080581042,3.9762910314044415
2021-12-14,5.66411563466648,12.851489605713958,7.779005958354708,3.5790709570649986,0.1694786705185424,3.994368639036818
2021-12-15,5.676045832164596,12.8730895733313,7.793315805503235,3.5974701845741044,0.1701227300982267,4.012509280325483
2021-12-16,5.687978631847564,12.894674560504003,7.807624154001128,3.61595641704962,0.1707685900150919,4.030713069191534
2021-12-17,5.699914011434817,12.916244541030078,7.821930993571919,3.634530058367063,0.17141625348103837,4.048980120985565
2021-12-18,5.711851948623911,12.937799465994129,7.836236313943618,3.6531915147832783,0.17206572370184867,4.067310549493839
2021-12-19,5.723792421323652,12.959339327449976,7.850540104848748,3.671941194372441,0.17271700387710426,4.085704467802338
2021-12-20,5.735735407126059,12.980864083799315,7.86484235602437,3.6907795070330827,0.1733700972001018,4.1041619882884515
2021-12-21,5.747680883606174,13.002373697668073,7.87914305721212,3.7097068644951134,0.17402500685776998,4.122683222612664
2021-12-22,5.75962882838876,13.023868131682189,7.89344219815824,3.72872368032685,0.17468173600048298,4.1412682817102455
2021-12-23,5.771579219077463,13.045347348467597,7.907739768613606,3.747830369942037,0.175340287797962,4.1599172757829415
2021-12-24,5.783532033254812,13.066811310650234,7.922035758333762,3.767027350606874,0.17600066543513304,4.178630313661151
2021-12-25,5.795487248482219,13.088259984147498,7.936330157078952,3.786315041447038,0.17666287207040904,4.197407503748292
2021-12-26,5.807444842299977,13.109693345198684,7.9506229546141505,3.80569386345471,0.17732691085526067,4.2162489543286075
2021-12-27,5.819404792227262,13.13111136192286,7.964914140709092,3.8251642404324446,0.17799278493412782,4.235154772468554
2021-12-28,5.831367075762132,13.152514001536705,7.979203705138307,3.8447265967958764,0.17866049744433146,4.254125064447129
2021-12-29,5.843331670381528,13.173901231256902,7.993491637681149,3.864381359066813,0.17933005151598538,4.2731599357470005
2021-12-30,5.855298553772567,13.19527301830013,8.00777792812183,3.884128955855661,0.1800014502719079,4.292259491045647
2021-12-31,5.8672677037177685,13.216629329902855,8.022062566249447,3.9039698176817916,0.1806746968275336,4.311423834206482
