Fecha de diagn√≥stico,BMW,Casos,Muertes,Mov Residencial,Mov trabajo,Mov estaciones
2020-06-17,163.0,6.857142857142857,1.0,18.0,-33.333333333333336,-35.666666666666664
2020-06-18,213.0,8.0,0.0,18.333333333333332,-34.0,-41.0
2020-06-19,172.0,9.142857142857142,1.0,16.333333333333332,-28.333333333333332,-35.666666666666664
2020-06-20,126.0,10.714285714285714,0.0,15.0,-18.666666666666668,-37.333333333333336
2020-06-21,0.0,11.857142857142858,0.0,20.0,-32.0,-61.333333333333336
2020-06-22,30.0,12.428571428571429,1.0,34.0,-75.66666666666667,-68.66666666666667
2020-06-23,219.0,13.0,0.0,16.333333333333332,-31.666666666666668,-38.333333333333336
2020-06-24,141.0,12.142857142857142,1.0,17.333333333333332,-32.666666666666664,-34.666666666666664
2020-06-25,247.0,13.142857142857142,0.0,17.666666666666668,-33.0,-39.0
2020-06-26,176.0,16.428571428571427,2.0,18.0,-28.0,-37.0
2020-06-27,135.0,17.285714285714285,0.0,14.333333333333334,-19.666666666666668,-36.666666666666664
2020-06-28,0.0,18.714285714285715,0.0,21.333333333333332,-37.0,-64.66666666666667
2020-06-29,33.0,17.857142857142858,0.0,33.0,-74.33333333333333,-65.66666666666667
2020-06-30,209.0,18.0,1.0,14.666666666666666,-28.0,-33.666666666666664
2020-07-01,179.0,21.428571428571427,1.0,16.333333333333332,-31.666666666666668,-31.333333333333332
2020-07-02,173.0,20.857142857142858,0.0,16.333333333333332,-32.0,-35.333333333333336
2020-07-03,174.0,20.285714285714285,4.0,16.0,-27.0,-32.666666666666664
2020-07-04,107.0,20.571428571428573,1.0,14.333333333333334,-18.333333333333332,-32.0
2020-07-05,0.0,21.571428571428573,0.0,20.333333333333332,-37.0,-61.0
2020-07-06,165.0,22.571428571428573,0.0,17.0,-31.333333333333332,-33.666666666666664
2020-07-07,150.0,27.0,4.0,16.666666666666668,-31.666666666666668,-37.0
2020-07-08,178.0,26.714285714285715,5.0,17.333333333333332,-32.666666666666664,-37.0
2020-07-09,167.0,30.714285714285715,3.0,17.0,-32.333333333333336,-35.333333333333336
2020-07-10,143.0,35.285714285714285,2.0,17.0,-28.0,-34.0
2020-07-11,164.0,35.0,1.0,15.666666666666666,-20.333333333333332,-35.666666666666664
2020-07-12,0.0,36.285714285714285,3.0,20.666666666666668,-37.666666666666664,-62.666666666666664
2020-07-13,169.0,47.142857142857146,7.0,17.0,-32.0,-37.333333333333336
2020-07-14,190.0,59.142857142857146,5.0,17.333333333333332,-32.666666666666664,-38.0
2020-07-15,196.0,62.714285714285715,1.0,17.0,-32.333333333333336,-37.333333333333336
2020-07-16,212.0,69.28571428571429,5.0,17.666666666666668,-33.666666666666664,-40.333333333333336
2020-07-17,209.0,72.28571428571429,5.0,17.666666666666668,-29.0,-38.666666666666664
2020-07-18,165.0,78.85714285714286,1.0,14.333333333333334,-20.666666666666668,-37.0
2020-07-19,0.0,83.71428571428571,6.0,23.666666666666668,-47.666666666666664,-72.33333333333333
2020-07-20,31.0,75.85714285714286,3.0,36.666666666666664,-78.66666666666667,-75.0
2020-07-21,232.0,66.71428571428571,3.0,16.333333333333332,-31.0,-38.0
2020-07-22,182.0,76.71428571428571,9.0,17.666666666666668,-33.0,-35.666666666666664
2020-07-23,176.0,82.85714285714286,9.0,18.333333333333332,-34.333333333333336,-40.333333333333336
2020-07-24,183.0,93.14285714285714,3.0,19.0,-29.0,-40.0
2020-07-25,158.0,97.14285714285714,13.0,15.333333333333334,-20.0,-35.666666666666664
2020-07-26,0.0,96.85714285714286,4.0,22.333333333333332,-43.333333333333336,-68.33333333333333
2020-07-27,216.0,117.14285714285714,17.0,18.0,-33.666666666666664,-40.0
2020-07-28,174.0,147.71428571428572,18.0,18.0,-33.0,-38.0
2020-07-29,179.0,151.0,12.0,18.333333333333332,-34.666666666666664,-38.0
2020-07-30,204.0,158.57142857142858,23.0,18.333333333333332,-35.333333333333336,-39.666666666666664
2020-07-31,193.0,156.28571428571428,11.0,18.0,-30.0,-37.333333333333336
2020-08-01,183.0,180.71428571428572,12.0,17.0,-24.0,-38.666666666666664
2020-08-02,0.0,185.14285714285714,13.0,23.666666666666668,-47.0,-70.66666666666667
2020-08-03,227.0,207.71428571428572,17.0,19.0,-35.333333333333336,-40.333333333333336
2020-08-04,198.0,206.71428571428572,21.0,19.333333333333332,-35.333333333333336,-40.666666666666664
2020-08-05,207.0,247.0,15.0,19.0,-36.333333333333336,-39.666666666666664
2020-08-06,206.0,248.14285714285714,9.0,17.333333333333332,-36.0,-38.333333333333336
2020-08-07,37.0,291.42857142857144,28.0,37.666666666666664,-76.66666666666667,-74.0
2020-08-08,156.0,323.57142857142856,26.0,17.666666666666668,-27.666666666666668,-41.666666666666664
2020-08-09,0.0,337.42857142857144,34.0,23.333333333333332,-47.666666666666664,-73.0
2020-08-10,212.0,341.2857142857143,13.0,18.666666666666668,-35.666666666666664,-42.666666666666664
2020-08-11,164.0,370.14285714285717,25.0,19.333333333333332,-35.666666666666664,-46.333333333333336
2020-08-12,181.0,370.7142857142857,28.0,19.333333333333332,-37.0,-45.0
2020-08-13,203.0,385.42857142857144,28.0,19.333333333333332,-37.333333333333336,-45.666666666666664
2020-08-14,224.0,367.57142857142856,19.0,19.666666666666668,-32.666666666666664,-45.333333333333336
2020-08-15,122.0,349.0,30.0,16.666666666666668,-24.666666666666668,-44.666666666666664
2020-08-16,0.0,350.2857142857143,13.0,23.0,-46.666666666666664,-76.0
2020-08-17,38.0,362.0,16.0,35.666666666666664,-78.33333333333333,-59.0
2020-08-18,203.0,367.42857142857144,32.0,17.333333333333332,-33.0,-16.0
2020-08-19,195.0,353.0,15.0,19.0,-36.0,-16.666666666666668
2020-08-20,214.0,394.57142857142856,44.0,19.333333333333332,-37.0,-18.666666666666668
2020-08-21,220.0,406.2857142857143,14.0,19.666666666666668,-31.0,-46.0
2020-08-22,165.0,421.14285714285717,20.0,16.666666666666668,-22.333333333333332,-19.333333333333332
2020-08-23,0.0,447.2857142857143,31.0,22.333333333333332,-44.0,-58.0
2020-08-24,187.0,447.0,24.0,19.0,-34.666666666666664,-18.333333333333332
2020-08-25,194.0,439.14285714285717,19.0,19.0,-34.0,-17.0
2020-08-26,189.0,454.85714285714283,17.0,18.666666666666668,-33.666666666666664,-16.333333333333332
2020-08-27,194.0,447.57142857142856,22.0,18.333333333333332,-34.666666666666664,-18.0
2020-08-28,198.0,452.85714285714283,23.0,19.0,-29.333333333333332,-44.666666666666664
2020-08-29,135.0,442.14285714285717,16.0,14.333333333333334,-19.666666666666668,-18.0
2020-08-30,0.0,434.85714285714283,12.0,20.666666666666668,-41.666666666666664,-57.666666666666664
2020-08-31,219.0,455.57142857142856,24.0,17.666666666666668,-32.666666666666664,-17.0
2020-09-01,178.0,463.2857142857143,17.0,17.0,-32.0,-13.333333333333334
2020-09-02,212.0,481.42857142857144,29.0,17.0,-33.666666666666664,-13.666666666666666
2020-09-03,177.0,423.14285714285717,3.0,16.333333333333332,-33.0,-15.666666666666666
2020-09-04,194.0,405.85714285714283,8.0,17.0,-28.666666666666668,-14.666666666666666
2020-09-05,135.0,390.0,19.0,12.333333333333334,-19.0,-14.333333333333334
2020-09-06,0.0,356.0,8.0,13.666666666666666,-19.0,-19.333333333333332
2020-09-07,170.0,313.57142857142856,7.0,16.0,-32.666666666666664,-14.666666666666666
2020-09-08,210.0,296.57142857142856,12.0,16.0,-32.333333333333336,-13.666666666666666
2020-09-09,209.0,271.14285714285717,12.0,15.333333333333334,-31.666666666666668,-15.0
2020-09-10,171.0,315.42857142857144,14.0,16.333333333333332,-33.0,-17.0
2020-09-11,209.0,306.42857142857144,11.0,16.666666666666668,-28.666666666666668,-52.0
2020-09-12,143.0,314.2857142857143,16.0,12.0,-17.333333333333332,-52.0
2020-09-13,0.0,323.2857142857143,6.0,12.666666666666666,-21.0,-58.666666666666664
2020-09-14,209.0,332.42857142857144,8.0,15.333333333333334,-29.0,-52.0
2020-09-15,225.0,328.42857142857144,11.0,15.666666666666666,-27.0,-51.666666666666664
2020-09-16,209.0,311.2857142857143,5.0,15.0,-28.666666666666668,-50.333333333333336
2020-09-17,243.0,299.57142857142856,11.0,15.0,-30.333333333333332,-47.333333333333336
2020-09-18,199.0,305.14285714285717,11.0,15.0,-25.333333333333332,-48.0
2020-09-19,135.0,295.57142857142856,4.0,9.333333333333334,-15.0,-42.666666666666664
2020-09-20,0.0,291.14285714285717,13.0,10.0,-16.0,-50.333333333333336
2020-09-21,184.0,290.14285714285717,9.0,15.333333333333334,-29.666666666666668,-44.666666666666664
2020-09-22,183.0,290.14285714285717,8.0,14.666666666666666,-28.333333333333332,-41.0
2020-09-23,198.0,316.0,12.0,15.0,-28.0,-35.0
2020-09-24,177.0,308.14285714285717,15.0,15.0,-29.333333333333332,-38.0
2020-09-25,215.0,302.7142857142857,3.0,14.333333333333334,-23.666666666666668,-37.0
2020-09-26,161.0,300.0,12.0,10.0,-13.333333333333334,-31.333333333333332
2020-09-27,0.0,305.57142857142856,9.0,9.666666666666666,-15.0,-40.0
2020-09-28,230.0,295.7142857142857,9.0,14.333333333333334,-26.666666666666668,-37.666666666666664
2020-09-29,228.0,278.7142857142857,10.0,14.0,-26.0,-37.333333333333336
2020-09-30,197.0,259.57142857142856,13.0,13.666666666666666,-27.333333333333332,-35.333333333333336
2020-10-01,222.0,262.14285714285717,6.0,13.0,-26.333333333333332,-37.333333333333336
2020-10-02,200.0,292.85714285714283,7.0,12.666666666666666,-21.0,-32.0
2020-10-03,147.0,306.0,13.0,7.333333333333333,-11.0,-28.666666666666668
2020-10-04,0.0,306.0,7.0,8.666666666666666,-12.333333333333334,-36.333333333333336
2020-10-05,248.0,284.14285714285717,4.0,12.0,-26.0,-34.0
2020-10-06,214.0,270.0,9.0,12.0,-24.666666666666668,-32.333333333333336
2020-10-07,219.0,263.7142857142857,8.0,12.0,-25.333333333333332,-30.0
2020-10-08,222.0,267.85714285714283,13.0,12.333333333333334,-26.666666666666668,-29.666666666666668
2020-10-09,212.0,226.28571428571428,7.0,11.666666666666666,-22.0,-28.0
2020-10-10,124.0,211.0,7.0,7.666666666666667,-11.0,-22.666666666666668
2020-10-11,0.0,211.0,6.0,7.0,-11.333333333333334,-37.333333333333336
2020-10-12,27.0,213.71428571428572,6.0,17.333333333333332,-66.66666666666667,-40.0
2020-10-13,275.0,220.28571428571428,6.0,12.0,-23.666666666666668,-28.333333333333332
2020-10-14,199.0,209.0,9.0,13.333333333333334,-25.0,-19.0
2020-10-15,189.0,189.0,4.0,13.333333333333334,-24.666666666666668,-25.666666666666668
2020-10-16,252.0,210.57142857142858,17.0,12.333333333333334,-19.666666666666668,-23.333333333333332
2020-10-17,160.0,209.14285714285714,10.0,8.333333333333334,-8.333333333333334,-19.666666666666668
2020-10-18,0.0,211.0,7.0,9.0,-9.333333333333334,-28.0
2020-10-19,189.0,250.0,4.0,13.333333333333334,-25.0,-23.0
2020-10-20,211.0,280.42857142857144,14.0,13.0,-23.0,-22.0
2020-10-21,159.0,322.85714285714283,11.0,13.0,-22.666666666666668,-23.0
2020-10-22,234.0,332.85714285714283,8.0,13.0,-24.333333333333332,-22.0
2020-10-23,222.0,318.7142857142857,5.0,13.0,-19.333333333333332,-22.666666666666668
2020-10-24,163.0,306.57142857142856,9.0,8.333333333333334,-7.333333333333333,-17.666666666666668
2020-10-25,0.0,312.0,8.0,8.666666666666666,-9.666666666666666,-26.666666666666668
2020-10-26,213.0,307.2857142857143,9.0,12.666666666666666,-22.333333333333332,-23.666666666666668
2020-10-27,239.0,295.2857142857143,11.0,13.0,-22.0,-24.0
2020-10-28,228.0,278.85714285714283,11.0,13.666666666666666,-22.333333333333332,-21.666666666666668
2020-10-29,219.0,284.85714285714283,8.0,12.333333333333334,-22.333333333333332,-20.666666666666668
2020-10-30,208.0,287.0,2.0,12.333333333333334,-18.0,-17.333333333333332
2020-10-31,128.0,317.42857142857144,7.0,7.333333333333333,-6.0,-12.666666666666666
2020-11-01,0.0,314.85714285714283,3.0,7.666666666666667,-7.0,-25.666666666666668
2020-11-02,23.0,277.2857142857143,4.0,19.0,-64.33333333333333,-31.333333333333332
2020-11-03,282.0,270.14285714285717,9.0,11.0,-20.333333333333332,-16.666666666666668
2020-11-04,198.0,249.57142857142858,10.0,13.0,-21.666666666666668,-21.333333333333332
2020-11-05,217.0,294.2857142857143,11.0,12.0,-22.333333333333332,-24.333333333333332
2020-11-06,237.0,306.85714285714283,10.0,11.666666666666666,-17.0,-22.333333333333332
2020-11-07,158.0,292.42857142857144,6.0,8.333333333333334,-4.666666666666667,-19.0
2020-11-08,0.0,295.14285714285717,6.0,8.666666666666666,-3.3333333333333335,-22.333333333333332
2020-11-09,216.0,341.2857142857143,7.0,12.333333333333334,-22.0,-24.0
2020-11-10,207.0,354.85714285714283,5.0,12.0,-20.0,-20.333333333333332
2020-11-11,200.0,356.0,4.0,12.0,-20.666666666666668,-15.666666666666666
2020-11-12,247.0,304.2857142857143,5.0,12.333333333333334,-21.333333333333332,-20.333333333333332
2020-11-13,228.0,293.42857142857144,16.0,11.666666666666666,-17.0,-14.0
2020-11-14,139.0,297.14285714285717,5.0,6.333333333333333,-5.666666666666667,-8.0
2020-11-15,0.0,288.14285714285717,5.0,5.666666666666667,-2.0,-20.333333333333332
2020-11-16,23.0,249.14285714285714,6.0,19.0,-63.333333333333336,-32.0
2020-11-17,207.0,247.57142857142858,9.0,11.666666666666666,-19.666666666666668,-18.666666666666668
2020-11-18,196.0,271.2857142857143,14.0,11.333333333333334,-19.666666666666668,-4.333333333333333
2020-11-19,245.0,301.85714285714283,12.0,11.333333333333334,-20.666666666666668,-14.0
2020-11-20,221.0,334.0,14.0,11.0,-15.666666666666666,-7.666666666666667
2020-11-21,134.0,337.0,10.0,6.333333333333333,-1.3333333333333333,-2.3333333333333335
2020-11-22,0.0,322.2857142857143,5.0,7.666666666666667,0.6666666666666666,-5.666666666666667
2020-11-23,196.0,351.57142857142856,10.0,11.333333333333334,-19.666666666666668,-12.666666666666666
2020-11-24,214.0,358.42857142857144,11.0,11.0,-17.333333333333332,-12.666666666666666
2020-11-25,197.0,343.2857142857143,6.0,10.333333333333334,-17.333333333333332,-6.666666666666667
2020-11-26,198.0,321.14285714285717,9.0,10.333333333333334,-18.666666666666668,-11.333333333333334
2020-11-27,209.0,294.14285714285717,6.0,10.0,-13.666666666666666,-9.333333333333334
2020-11-28,137.0,278.7142857142857,4.0,5.666666666666667,-0.3333333333333333,-1.3333333333333333
2020-11-29,0.0,280.14285714285717,6.0,6.0,4.333333333333333,-3.3333333333333335
2020-11-30,197.0,262.57142857142856,7.0,9.333333333333334,-17.0,-4.666666666666667
2020-12-01,217.0,236.0,8.0,9.0,-16.0,-6.0
2020-12-02,191.0,216.14285714285714,6.0,9.333333333333334,-15.0,-1.0
2020-12-03,200.0,203.85714285714286,9.0,9.333333333333334,-16.666666666666668,-2.6666666666666665
2020-12-04,216.0,196.85714285714286,8.0,7.666666666666667,-11.333333333333334,1.6666666666666667
2020-12-05,150.0,210.57142857142858,6.0,4.0,0.6666666666666666,6.666666666666667
2020-12-06,0.0,224.71428571428572,7.0,5.333333333333333,9.0,2.0
2020-12-07,214.0,230.57142857142858,7.0,5.666666666666667,-15.333333333333334,5.0
2020-12-08,21.0,227.57142857142858,4.0,19.666666666666668,-60.666666666666664,-28.333333333333332
2020-12-09,195.0,252.57142857142858,8.0,8.0,-15.0,4.0
2020-12-10,288.0,267.85714285714283,19.0,9.0,-16.666666666666668,-5.666666666666667
2020-12-11,231.0,288.57142857142856,13.0,8.666666666666666,-10.333333333333334,-2.0
2020-12-12,151.0,286.14285714285717,7.0,5.333333333333333,2.0,1.3333333333333333
2020-12-13,0.0,290.14285714285717,7.0,6.0,8.666666666666666,1.6666666666666667
2020-12-14,219.0,301.0,10.0,9.333333333333334,-16.0,-3.6666666666666665
2020-12-15,238.0,328.57142857142856,17.0,8.333333333333334,-14.666666666666666,-3.6666666666666665
2020-12-16,226.0,351.7142857142857,15.0,8.333333333333334,-14.0,1.6666666666666667
2020-12-17,182.0,347.85714285714283,7.0,8.0,-16.0,-5.0
2020-12-18,204.0,347.0,13.0,7.666666666666667,-10.666666666666666,0.0
2020-12-19,209.0,365.42857142857144,13.0,3.6666666666666665,3.3333333333333335,10.666666666666666
2020-12-20,0.0,368.7142857142857,10.0,3.6666666666666665,16.333333333333332,17.333333333333332
2020-12-21,171.0,386.85714285714283,12.0,7.0,-14.666666666666666,12.666666666666666
2020-12-22,126.0,398.2857142857143,17.0,5.333333333333333,-14.333333333333334,14.0
2020-12-23,184.0,387.0,13.0,4.333333333333333,-13.666666666666666,29.333333333333332
2020-12-24,236.0,397.57142857142856,18.0,5.333333333333333,-26.666666666666668,12.333333333333334
2020-12-25,0.0,365.85714285714283,5.0,22.333333333333332,-75.66666666666667,-53.333333333333336
2020-12-26,196.0,360.0,11.0,9.0,-19.333333333333332,-12.0
2020-12-27,0.0,361.57142857142856,5.0,7.0,4.666666666666667,0.0
2020-12-28,174.0,350.2857142857143,15.0,9.333333333333334,-20.0,7.0
2020-12-29,202.0,356.85714285714283,4.0,9.333333333333334,-20.666666666666668,4.666666666666667
2020-12-30,212.0,360.14285714285717,17.0,6.666666666666667,-20.333333333333332,13.666666666666666
2020-12-31,209.0,359.0,8.0,8.666666666666666,-36.0,-1.0
2021-01-01,0.0,355.57142857142856,5.0,33.666666666666664,-82.33333333333333,-72.0
2021-01-02,110.0,341.85714285714283,11.0,11.0,-38.0,-27.333333333333332
2021-01-03,0.0,350.42857142857144,9.0,6.666666666666667,-9.666666666666666,-10.333333333333334
2021-01-04,197.0,361.85714285714283,12.0,11.666666666666666,-27.333333333333332,-6.666666666666667
2021-01-05,207.0,375.85714285714283,21.0,11.333333333333334,-25.0,-8.666666666666666
2021-01-06,185.0,401.2857142857143,19.0,11.333333333333334,-25.0,-3.0
2021-01-07,204.0,412.85714285714283,21.0,10.666666666666666,-26.333333333333332,-9.333333333333334
2021-01-08,214.0,456.85714285714283,10.0,9.333333333333334,-22.0,-4.666666666666667
2021-01-09,106.0,479.85714285714283,13.0,29.333333333333332,-57.333333333333336,-59.666666666666664
2021-01-10,0.0,457.0,12.0,24.0,-46.333333333333336,-65.0
2021-01-11,25.0,415.7142857142857,6.0,35.0,-78.66666666666667,-60.666666666666664
2021-01-12,266.0,381.7142857142857,7.0,6.333333333333333,-21.0,-1.3333333333333333
2021-01-13,203.0,345.0,11.0,8.333333333333334,-24.333333333333332,-4.0
2021-01-14,225.0,338.14285714285717,10.0,8.333333333333334,-28.333333333333332,-9.333333333333334
2021-01-15,232.0,355.85714285714283,22.0,9.0,-26.0,-9.0
2021-01-16,141.0,355.57142857142856,21.0,7.666666666666667,-16.333333333333332,-13.0
2021-01-17,0.0,378.7142857142857,14.0,7.666666666666667,-14.333333333333334,-24.666666666666668
2021-01-18,185.0,418.2857142857143,14.0,10.0,-28.0,-7.666666666666667
2021-01-19,234.0,432.0,21.0,10.0,-26.333333333333332,-14.0
2021-01-20,206.0,447.42857142857144,10.0,11.0,-27.0,-9.0
2021-01-21,213.0,428.2857142857143,18.0,10.333333333333334,-27.333333333333332,-10.666666666666666
2021-01-22,222.0,387.0,11.0,10.666666666666666,-23.0,-13.333333333333334
2021-01-23,152.0,365.2857142857143,10.0,7.333333333333333,-13.666666666666666,-8.666666666666666
2021-01-24,0.0,358.85714285714283,13.0,7.666666666666667,-13.333333333333334,-18.666666666666668
2021-01-25,196.0,328.57142857142856,14.0,10.0,-26.0,-6.666666666666667
2021-01-26,199.0,306.57142857142856,11.0,10.333333333333334,-24.333333333333332,-11.0
2021-01-27,184.0,287.7142857142857,1.0,10.333333333333334,-24.333333333333332,-7.333333333333333
2021-01-28,178.0,303.7142857142857,8.0,10.333333333333334,-25.0,-9.333333333333334
2021-01-29,201.0,306.42857142857144,8.0,9.333333333333334,-20.0,-2.3333333333333335
2021-01-30,209.0,299.2857142857143,7.0,5.0,-9.0,0.6666666666666666
2021-01-31,0.0,292.0,6.0,4.666666666666667,-7.333333333333333,-5.333333333333333
2021-02-01,194.0,292.42857142857144,11.0,9.666666666666666,-24.333333333333332,-1.6666666666666667
2021-02-02,248.0,269.42857142857144,8.0,9.0,-22.333333333333332,-6.0
2021-02-03,191.0,242.57142857142858,8.0,9.666666666666666,-22.666666666666668,-5.666666666666667
2021-02-04,227.0,207.14285714285714,5.0,9.666666666666666,-24.666666666666668,-9.333333333333334
2021-02-05,205.0,188.14285714285714,7.0,9.666666666666666,-19.333333333333332,-9.0
2021-02-06,141.0,178.0,4.0,5.333333333333333,-8.0,-8.333333333333334
2021-02-07,0.0,166.28571428571428,6.0,5.0,-8.333333333333334,-16.333333333333332
2021-02-08,209.0,145.28571428571428,5.0,9.666666666666666,-23.0,-6.666666666666667
2021-02-09,215.0,148.57142857142858,5.0,9.666666666666666,-20.666666666666668,-8.333333333333334
2021-02-10,208.0,147.71428571428572,3.0,10.333333333333334,-20.666666666666668,-5.666666666666667
2021-02-11,221.0,141.57142857142858,5.0,10.333333333333334,-22.0,-11.0
2021-02-12,244.0,138.71428571428572,2.0,9.0,-17.333333333333332,-8.0
2021-02-13,141.0,134.0,7.0,5.333333333333333,-7.333333333333333,-10.333333333333334
2021-02-14,0.0,129.71428571428572,0.0,6.333333333333333,-5.333333333333333,-13.0
2021-02-15,201.0,127.14285714285714,3.0,9.333333333333334,-20.333333333333332,-2.6666666666666665
2021-02-16,241.0,118.28571428571429,3.0,9.333333333333334,-19.0,-10.666666666666666
2021-02-17,221.0,112.57142857142857,5.0,10.0,-18.666666666666668,-7.666666666666667
2021-02-18,209.0,118.42857142857143,8.0,10.0,-20.0,-8.666666666666666
2021-02-19,238.0,110.85714285714286,1.0,9.0,-13.666666666666666,-0.3333333333333333
2021-02-20,142.0,109.57142857142857,4.0,4.666666666666667,-3.6666666666666665,-3.3333333333333335
2021-02-21,0.0,106.85714285714286,4.0,5.0,-3.0,-6.0
2021-02-22,219.0,102.57142857142857,4.0,10.0,-18.0,-4.0
2021-02-23,226.0,99.57142857142857,6.0,9.333333333333334,-16.333333333333332,-10.666666666666666
2021-02-24,201.0,102.71428571428571,4.0,9.333333333333334,-16.0,-3.3333333333333335
2021-02-25,227.0,98.14285714285714,1.0,9.333333333333334,-18.0,-6.333333333333333
2021-02-26,239.0,99.0,3.0,8.333333333333334,-11.333333333333334,6.666666666666667
2021-02-27,144.0,97.0,4.0,3.3333333333333335,-0.6666666666666666,4.333333333333333
2021-02-28,0.0,99.71428571428571,2.0,3.6666666666666665,0.3333333333333333,4.666666666666667
2021-03-01,191.0,96.85714285714286,2.0,8.0,-16.0,4.333333333333333
2021-03-02,218.0,96.71428571428571,1.0,8.0,-14.333333333333334,5.333333333333333
2021-03-03,232.0,89.71428571428571,3.0,8.666666666666666,-15.666666666666666,6.666666666666667
2021-03-04,224.0,82.28571428571429,3.0,8.666666666666666,-17.666666666666668,2.6666666666666665
2021-03-05,201.0,82.85714285714286,3.0,7.666666666666667,-10.666666666666666,3.6666666666666665
2021-03-06,127.0,80.57142857142857,2.0,4.333333333333333,-1.3333333333333333,4.666666666666667
2021-03-07,0.0,76.14285714285714,0.0,5.0,-1.6666666666666667,0.6666666666666666
2021-03-08,220.0,77.14285714285714,0.0,8.333333333333334,-15.0,5.333333333333333
2021-03-09,204.0,77.57142857142857,0.0,9.0,-14.333333333333334,-1.0
2021-03-10,210.0,74.0,2.0,8.666666666666666,-14.0,6.333333333333333
2021-03-11,218.0,68.71428571428571,0.0,9.333333333333334,-15.333333333333334,-1.6666666666666667
2021-03-12,226.0,64.28571428571429,1.0,8.333333333333334,-9.333333333333334,-0.6666666666666666
2021-03-13,153.0,77.0,8.0,4.333333333333333,0.0,4.0
2021-03-14,0.0,72.71428571428571,1.0,4.666666666666667,1.0,-1.6666666666666667
2021-03-15,212.0,68.0,2.0,9.0,-13.666666666666666,4.666666666666667
2021-03-16,243.0,64.28571428571429,1.0,8.333333333333334,-12.333333333333334,-0.6666666666666666
2021-03-17,221.0,66.14285714285714,1.0,8.666666666666666,-12.0,7.333333333333333
2021-03-18,233.0,73.42857142857143,3.0,9.333333333333334,-14.0,2.0
2021-03-19,238.0,72.28571428571429,0.0,7.0,-7.333333333333333,10.0
2021-03-20,154.0,61.857142857142854,2.0,3.6666666666666665,0.0,8.333333333333334
2021-03-21,0.0,67.28571428571429,1.0,2.6666666666666665,2.6666666666666665,-4.0
2021-03-22,24.0,67.42857142857143,2.0,16.333333333333332,-63.333333333333336,-8.666666666666666
2021-03-23,293.0,69.42857142857143,1.0,7.333333333333333,-10.0,5.666666666666667
2021-03-24,211.0,71.85714285714286,4.0,8.666666666666666,-12.0,6.0
2021-03-25,248.0,73.57142857142857,4.0,8.333333333333334,-13.333333333333334,8.0
2021-03-26,192.0,79.0,4.0,7.333333333333333,-6.333333333333333,14.0
2021-03-27,134.0,78.57142857142857,2.0,4.666666666666667,3.6666666666666665,13.0
2021-03-28,0.0,78.28571428571429,3.0,5.0,9.0,5.666666666666667
2021-03-29,178.0,91.85714285714286,4.0,7.666666666666667,-15.666666666666666,14.0
2021-03-30,225.0,98.42857142857143,7.0,6.0,-14.0,13.333333333333334
2021-03-31,235.0,102.71428571428571,7.0,3.3333333333333335,-17.666666666666668,36.333333333333336
2021-04-01,20.0,98.71428571428571,5.0,16.666666666666668,-64.33333333333333,-17.333333333333332
2021-04-02,0.0,90.71428571428571,0.0,26.0,-73.66666666666667,-47.333333333333336
2021-04-03,157.0,102.42857142857143,7.0,7.0,-26.333333333333332,0.0
2021-04-04,0.0,99.85714285714286,3.0,3.0,-0.6666666666666666,13.0
2021-04-05,202.0,103.57142857142857,4.0,8.0,-13.333333333333334,17.333333333333332
2021-04-06,224.0,104.85714285714286,2.0,8.333333333333334,-10.333333333333334,14.0
2021-04-07,217.0,119.28571428571429,7.0,9.0,-13.333333333333334,18.333333333333332
2021-04-08,267.0,139.85714285714286,9.0,9.333333333333334,-13.0,9.666666666666666
2021-04-09,249.0,172.71428571428572,10.0,9.0,-7.0,8.666666666666666
2021-04-10,194.0,178.28571428571428,2.0,4.333333333333333,4.333333333333333,13.0
2021-04-11,0.0,201.42857142857142,4.0,5.666666666666667,4.0,3.3333333333333335
2021-04-12,214.0,221.14285714285714,8.0,10.0,-11.666666666666666,7.0
2021-04-13,251.0,242.85714285714286,5.0,9.333333333333334,-10.0,7.666666666666667
2021-04-14,223.0,248.42857142857142,14.0,9.666666666666666,-11.333333333333334,11.666666666666666
2021-04-15,227.0,260.14285714285717,11.0,9.333333333333334,-12.0,8.0
2021-04-16,236.0,260.14285714285717,6.0,8.333333333333334,-5.333333333333333,11.666666666666666
2021-04-17,161.0,271.85714285714283,7.0,5.333333333333333,4.0,11.0
2021-04-18,0.0,288.2857142857143,6.0,5.666666666666667,4.333333333333333,9.0
2021-04-19,203.0,292.85714285714283,8.0,9.333333333333334,-9.333333333333334,13.333333333333334
2021-04-20,158.0,303.0,16.0,14.333333333333334,-15.333333333333334,4.0
2021-04-21,239.0,317.7142857142857,16.0,10.333333333333334,-11.0,13.666666666666666
2021-04-22,259.0,340.0,15.0,10.333333333333334,-10.0,8.666666666666666
2021-04-23,258.0,363.42857142857144,18.0,10.0,-4.333333333333333,12.666666666666666
2021-04-24,188.0,407.85714285714283,20.0,6.333333333333333,5.333333333333333,10.333333333333334
2021-04-25,0.0,406.0,11.0,6.666666666666667,2.6666666666666665,8.666666666666666
2021-04-26,215.0,452.85714285714283,28.0,10.333333333333334,-9.666666666666666,10.333333333333334
2021-04-27,246.0,464.85714285714283,10.0,11.0,-9.333333333333334,5.666666666666667
2021-04-28,198.0,474.7142857142857,18.0,20.0,-32.0,-21.333333333333332
2021-04-29,210.0,483.85714285714283,16.0,12.0,-13.0,2.3333333333333335
2021-04-30,219.0,515.2857142857143,26.0,8.666666666666666,-6.0,20.333333333333332
2021-05-01,39.0,495.14285714285717,20.0,28.666666666666668,-64.0,-54.666666666666664
2021-05-02,22.0,506.85714285714283,21.0,21.333333333333332,-40.666666666666664,-47.666666666666664
2021-05-03,174.0,494.0,17.0,12.0,-15.333333333333334,7.333333333333333
2021-05-04,257.0,509.85714285714283,15.0,14.666666666666666,-15.333333333333334,-7.333333333333333
2021-05-05,196.0,495.14285714285717,28.0,18.333333333333332,-26.0,-12.0
2021-05-06,201.0,512.7142857142857,25.0,12.666666666666666,-16.0,0.0
2021-05-07,269.0,528.7142857142857,25.0,11.333333333333334,-7.333333333333333,6.666666666666667
2021-05-08,154.0,596.5714285714286,26.0,7.333333333333333,3.3333333333333335,6.0
2021-05-09,21.0,586.7142857142857,14.0,6.333333333333333,8.666666666666666,5.333333333333333
2021-05-10,190.0,649.1428571428571,34.0,11.333333333333334,-12.666666666666666,4.666666666666667
2021-05-11,210.0,683.1428571428571,31.0,11.0,-10.333333333333334,2.3333333333333335
2021-05-12,192.0,753.2857142857143,30.0,15.0,-17.333333333333332,-2.6666666666666665
2021-05-13,207.0,800.4285714285714,24.0,10.333333333333334,-12.0,15.333333333333334
2021-05-14,188.0,786.0,15.0,9.333333333333334,-5.666666666666667,14.0
2021-05-15,198.0,756.5714285714286,24.0,5.333333333333333,3.0,19.666666666666668
2021-05-16,14.0,824.0,23.0,5.666666666666667,6.666666666666667,-1.3333333333333333
2021-05-17,44.0,745.5714285714286,19.0,19.333333333333332,-62.666666666666664,-7.0
2021-05-18,131.0,754.7142857142857,30.0,9.333333333333334,-8.0,16.666666666666668
2021-05-19,167.0,776.8571428571429,39.0,14.666666666666666,-16.333333333333332,-1.6666666666666667
2021-05-20,260.0,776.1428571428571,31.0,11.333333333333334,-11.333333333333334,9.333333333333334
2021-05-21,295.0,820.2857142857143,35.0,11.333333333333334,-4.666666666666667,9.666666666666666
2021-05-22,270.0,863.8571428571429,19.0,7.333333333333333,6.333333333333333,9.666666666666666
2021-05-23,18.0,888.4285714285714,39.0,7.666666666666667,7.666666666666667,8.666666666666666
2021-05-24,150.0,1021.5714285714286,47.0,11.666666666666666,-10.333333333333334,10.333333333333334
2021-05-25,215.0,1068.2857142857142,38.0,11.333333333333334,-8.0,9.333333333333334
2021-05-26,225.0,1131.0,37.0,12.333333333333334,-11.333333333333334,8.0
2021-05-27,223.0,1142.0,37.0,12.0,-10.666666666666666,2.3333333333333335
2021-05-28,217.0,1170.5714285714287,35.0,15.666666666666666,-9.333333333333334,6.333333333333333
2021-05-29,227.0,1216.2857142857142,31.0,8.0,7.333333333333333,8.666666666666666
2021-05-30,18.0,1204.142857142857,18.0,7.0,11.0,11.666666666666666
2021-05-31,156.0,1218.5714285714287,33.0,11.333333333333334,-8.666666666666666,14.333333333333334
2021-06-01,216.0,1267.142857142857,44.0,12.333333333333334,-8.666666666666666,5.666666666666667
2021-06-02,283.0,1321.0,34.0,10.333333333333334,-9.666666666666666,17.666666666666668
2021-06-03,247.0,1422.142857142857,24.0,10.333333333333334,-9.333333333333334,13.333333333333334
2021-06-04,230.0,1533.857142857143,45.0,10.666666666666666,-2.6666666666666665,17.333333333333332
2021-06-05,143.0,1553.0,33.0,6.666666666666667,7.333333333333333,19.0
2021-06-06,21.0,1563.7142857142858,27.0,6.666666666666667,7.666666666666667,10.333333333333334
2021-06-07,29.0,1571.142857142857,44.0,19.666666666666668,-63.0,-2.6666666666666665
2021-06-08,299.0,1746.4285714285713,37.0,10.0,-7.0,16.666666666666668
2021-06-09,187.0,1791.2857142857142,46.0,11.666666666666666,-10.0,18.666666666666668
2021-06-10,269.0,1745.142857142857,42.0,11.0,-9.333333333333334,12.666666666666666
2021-06-11,216.0,1647.4285714285713,53.0,10.333333333333334,-3.6666666666666665,20.333333333333332
2021-06-12,156.0,1608.7142857142858,27.0,6.0,5.666666666666667,20.333333333333332
2021-06-13,14.0,1600.142857142857,30.0,7.0,6.0,11.666666666666666
2021-06-14,45.0,1536.857142857143,29.0,18.666666666666668,-63.666666666666664,0.6666666666666666
2021-06-15,288.0,1405.7142857142858,37.0,9.0,-8.0,17.666666666666668
2021-06-16,221.0,1347.7142857142858,36.0,8.666666666666666,-11.666666666666666,21.0
2021-06-17,241.0,1332.142857142857,33.0,9.666666666666666,-13.333333333333334,8.666666666666666
2021-06-18,253.0,1443.2857142857142,52.0,10.0,-8.0,11.666666666666666
2021-06-19,174.0,1484.4285714285713,27.0,5.333333333333333,4.666666666666667,17.666666666666668
2021-06-20,16.0,1547.2857142857142,35.0,5.0,7.0,15.666666666666666
2021-06-21,223.0,1596.0,30.0,9.666666666666666,-13.333333333333334,13.333333333333334
2021-06-22,239.0,1542.0,29.0,9.666666666666666,-10.0,11.333333333333334
2021-06-23,229.0,1500.5714285714287,27.0,9.333333333333334,-11.333333333333334,17.666666666666668
2021-06-24,231.0,1480.142857142857,18.0,9.666666666666666,-12.0,16.666666666666668
2021-06-25,194.0,1384.142857142857,35.0,9.333333333333334,-4.666666666666667,15.333333333333334
2021-06-26,198.0,1408.857142857143,29.0,5.333333333333333,7.666666666666667,21.333333333333332
2021-06-27,22.0,1364.7142857142858,33.0,5.666666666666667,8.333333333333334,14.666666666666666
2021-06-28,187.0,1329.2857142857142,28.0,7.333333333333333,-10.333333333333334,20.0
2021-06-29,199.0,1335.7142857142858,26.0,7.666666666666667,-8.333333333333334,14.666666666666666
