FECHA,BMW,Casos,Muertes,Mov Residencial,Mov trabajo,Mov estaciones
2020-06-17,0.621,103.80505952380952,2.950892857142857,0.0,9.0,5.0
2020-06-18,0.621,103.23363095238095,3.3154761904761902,7.0,-3.0,-7.0
2020-06-19,0.621,61.90252976190476,3.3154761904761902,1.0,2.0,-11.0
2020-06-20,0.621,61.90252976190476,3.3154761904761907,-9.0,30.0,-13.0
2020-06-21,0.621,70.61681547619047,2.8080357142857144,7.0,9.0,-24.0
2020-06-22,0.621,69.33110119047619,3.0297619047619047,3.0,-41.0,34.0
2020-06-23,0.621,70.0453869047619,3.0297619047619047,4.0,-19.0,-8.0
2020-06-24,0.621,74.33110119047618,3.5372023809523805,-2.0,6.0,11.0
2020-06-25,0.621,76.47395833333333,3.5372023809523805,9.0,3.0,-7.0
2020-06-26,0.621,117.80505952380952,3.5372023809523805,-1.0,1.0,-8.0
2020-06-27,0.621,91.0453869047619,3.029761904761904,-6.0,19.0,-17.0
2020-06-28,0.621,123.09077380952378,3.5372023809523805,-6.0,33.0,4.0
2020-06-29,0.621,164.13616071428572,3.5372023809523805,12.0,-53.0,6.0
2020-06-30,0.621,174.99330357142858,3.6800595238095233,-4.0,-9.0,6.0
2020-07-01,1.155483870967742,210.03869047619045,3.6800595238095233,-5.0,14.0,6.0
2020-07-02,1.155483870967742,216.75297619047618,3.6800595238095233,4.0,-9.0,6.0
2020-07-03,1.155483870967742,216.75297619047618,3.6800595238095233,-4.0,12.0,1.0
2020-07-04,1.155483870967742,243.5126488095238,4.187499999999999,-10.0,29.0,-14.0
2020-07-05,1.155483870967742,243.5126488095238,4.187499999999999,1.0,17.0,-8.0
2020-07-06,1.155483870967742,243.5126488095238,4.1875,7.0,-45.0,16.0
2020-07-07,1.155483870967742,248.2269345238095,4.1875,-3.0,-12.0,10.0
2020-07-08,1.155483870967742,215.89583333333331,4.1875,-2.0,11.0,4.0
2020-07-09,1.155483870967742,223.75297619047618,4.187499999999999,7.0,-3.0,7.0
2020-07-10,1.155483870967742,197.56473214285714,3.9657738095238093,1.0,4.0,-14.0
2020-07-11,1.155483870967742,163.3764880952381,3.458333333333333,-9.0,19.0,-14.0
2020-07-12,1.155483870967742,131.47395833333331,3.458333333333333,-1.0,25.0,-6.0
2020-07-13,1.155483870967742,95.14285714285714,3.4583333333333335,6.0,-46.0,15.0
2020-07-14,1.155483870967742,85.85714285714286,3.822916666666667,-1.0,-11.0,7.0
2020-07-15,1.155483870967742,84.0,3.601190476190476,-2.0,10.0,21.0
2020-07-16,1.155483870967742,84.57142857142857,3.09375,7.0,-1.0,1.0
2020-07-17,1.155483870967742,80.0,3.09375,1.0,5.0,-13.0
2020-07-18,1.155483870967742,79.57142857142857,3.3794642857142856,-12.0,30.0,-18.0
2020-07-19,1.155483870967742,83.0,3.3794642857142856,2.0,14.0,-13.0
2020-07-20,1.155483870967742,89.14285714285714,2.8720238095238093,9.0,-47.0,24.0
2020-07-21,1.155483870967742,92.57142857142857,2.364583333333333,-6.0,-7.0,8.0
2020-07-22,1.155483870967742,100.57142857142857,2.0788690476190474,-3.0,10.0,12.0
2020-07-23,1.155483870967742,96.71428571428571,2.364583333333333,6.0,-3.0,-1.0
2020-07-24,1.155483870967742,97.57142857142857,2.0788690476190474,0.0,6.0,-5.0
2020-07-25,1.155483870967742,108.57142857142857,2.0788690476190474,-6.0,23.0,-28.0
2020-07-26,1.155483870967742,112.42857142857143,1.7142857142857142,-2.0,11.0,-4.0
2020-07-27,1.155483870967742,111.42857142857143,2.0,7.0,-40.0,24.0
2020-07-28,1.155483870967742,142.47395833333331,2.507440476190476,-1.0,-11.0,-1.0
2020-07-29,1.155483870967742,168.75967261904762,2.9360119047619047,0.0,6.0,9.0
2020-07-30,1.155483870967742,168.90252976190476,2.650297619047619,1.0,4.0,8.0
2020-07-31,1.155483870967742,180.18824404761904,2.650297619047619,0.0,0.0,-15.0
2020-08-01,1.34,179.47395833333331,2.507440476190476,-6.0,4.0,-26.0
2020-08-02,1.34,189.18824404761904,2.364583333333333,-5.0,34.0,-3.0
2020-08-03,1.34,202.0453869047619,2.507440476190476,6.0,-38.0,27.0
2020-08-04,1.34,182.14285714285714,2.142857142857143,-1.0,-7.0,7.0
2020-08-05,1.34,179.42857142857142,2.5714285714285716,-5.0,13.0,-8.0
2020-08-06,1.34,189.0,3.142857142857143,8.0,-2.0,0.0
2020-08-07,1.34,198.57142857142858,3.7142857142857144,-4.0,3.0,-9.0
2020-08-08,1.34,216.71428571428572,4.142857142857143,-7.0,25.0,-17.0
2020-08-09,1.34,225.14285714285714,5.0,3.0,12.0,-11.0
2020-08-10,1.34,234.57142857142858,4.714285714285714,2.0,-40.0,30.0
2020-08-11,1.34,250.42857142857142,4.714285714285714,2.0,-16.0,-2.0
2020-08-12,1.34,278.2857142857143,4.428571428571429,-1.0,16.0,2.0
2020-08-13,1.34,294.14285714285717,4.571428571428571,3.0,3.0,12.0
2020-08-14,1.34,304.7142857142857,4.428571428571429,2.0,-6.0,-15.0
2020-08-15,1.34,318.7142857142857,4.364583333333334,-1.0,-21.0,-25.0
2020-08-16,1.34,335.7142857142857,3.936011904761905,-10.0,79.0,-5.0
2020-08-17,1.34,343.57142857142856,4.221726190476191,3.0,-56.0,32.0
2020-08-18,1.34,356.57142857142856,5.221726190476191,53.0,-125.0,-90.0
2020-08-19,1.34,338.42857142857144,5.364583333333334,-56.0,129.0,109.0
2020-08-20,1.34,373.14285714285717,5.6502976190476195,5.0,-6.0,3.0
2020-08-21,1.34,371.2857142857143,5.936011904761905,-2.0,-5.0,-5.0
2020-08-22,1.34,394.0,6.428571428571429,12.0,-24.0,-50.0
2020-08-23,1.34,398.57142857142856,7.0,-22.0,94.0,15.0
2020-08-24,1.34,404.2857142857143,7.142857142857143,3.0,-72.0,34.0
2020-08-25,1.34,432.85714285714283,7.0,55.0,-113.0,-102.0
2020-08-26,1.34,454.2857142857143,7.285714285714286,-51.0,123.0,107.0
2020-08-27,1.34,448.85714285714283,7.571428571428571,6.0,-5.0,-5.0
2020-08-28,1.34,490.0,8.0,-4.0,-1.0,-2.0
2020-08-29,1.34,492.0,8.571428571428571,-8.0,32.0,-24.0
2020-08-30,1.34,515.0,8.857142857142858,-4.0,33.0,3.0
2020-08-31,1.34,507.42857142857144,9.142857142857142,10.0,-73.0,12.0
2020-09-01,2.1,477.14285714285717,9.714285714285714,0.0,-2.0,0.0
2020-09-02,2.1,461.0,10.428571428571429,-2.0,13.0,13.0
2020-09-03,2.1,449.57142857142856,10.0,4.0,-3.0,0.0
2020-09-04,2.1,448.57142857142856,11.571428571428571,0.0,4.0,-2.0
2020-09-05,2.1,430.0,12.428571428571429,-9.0,27.0,-20.0
2020-09-06,2.1,415.0,13.285714285714286,-3.0,12.0,1.0
2020-09-07,2.1,415.0,13.857142857142858,11.0,-41.0,17.0
2020-09-08,2.1,426.14285714285717,13.857142857142858,-3.0,-7.0,13.0
2020-09-09,2.1,418.14285714285717,13.428571428571429,-1.0,9.0,4.0
2020-09-10,2.1,422.14285714285717,13.285714285714286,4.0,-3.0,2.0
2020-09-11,2.1,408.85714285714283,12.142857142857142,-2.0,4.0,-3.0
2020-09-12,2.1,411.2857142857143,10.285714285714286,-9.0,10.0,-19.0
2020-09-13,2.1,400.14285714285717,10.142857142857142,-8.0,21.0,2.0
2020-09-14,2.1,403.0453869047619,9.22172619047619,10.0,-38.0,23.0
2020-09-15,2.1,450.9025297619047,10.364583333333332,3.0,0.0,6.0
2020-09-16,2.1,475.9025297619047,10.793154761904761,-2.0,3.0,9.0
2020-09-17,2.1,456.6168154761904,11.793154761904761,13.0,1.0,-18.0
2020-09-18,2.1,455.9025297619047,14.507440476190476,-1.0,5.0,-4.0
2020-09-19,2.1,473.6168154761904,14.443452380952381,-10.0,22.0,-17.0
2020-09-20,2.1,485.33110119047615,12.950892857142858,-3.0,10.0,-1.0
2020-09-21,2.1,479.7142857142857,13.014880952380953,11.0,-36.0,23.0
2020-09-22,2.1,440.42857142857144,11.014880952380953,1.0,-10.0,10.0
2020-09-23,2.1,445.14285714285717,10.300595238095239,1.0,11.0,12.0
2020-09-24,2.1,495.2857142857143,9.300595238095239,10.0,-1.0,-7.0
2020-09-25,2.1,510.85714285714283,5.87202380952381,0.0,2.0,-7.0
2020-09-26,2.1,510.85714285714283,6.078869047619048,-9.0,21.0,-11.0
2020-09-27,2.1,496.2857142857143,7.285714285714286,-6.0,13.0,-8.0
2020-09-28,2.1,499.14285714285717,6.857142857142857,13.0,-36.0,1.0
2020-09-29,2.1,483.14285714285717,6.285714285714286,-2.0,-8.0,6.0
2020-09-30,2.1,473.85714285714283,5.714285714285714,-17.0,7.0,25.0
2020-10-01,1.8920000000000001,447.0,5.428571428571429,-8.0,-8.0,1.0
2020-10-02,1.8920000000000001,435.0,5.428571428571429,15.0,-65.0,-19.0
2020-10-03,1.8920000000000001,388.57142857142856,4.857142857142857,-19.0,78.0,-11.0
2020-10-04,1.8920000000000001,384.14285714285717,3.7142857142857144,-8.0,12.0,-2.0
2020-10-05,1.8920000000000001,370.2857142857143,4.0,9.0,-23.0,20.0
2020-10-06,1.8920000000000001,373.7142857142857,4.142857142857143,-2.0,-6.0,10.0
2020-10-07,1.8920000000000001,373.85714285714283,4.285714285714286,1.0,13.0,13.0
2020-10-08,1.8920000000000001,359.2857142857143,4.428571428571429,12.0,7.0,-3.0
2020-10-09,1.8920000000000001,338.57142857142856,3.7142857142857144,2.0,5.0,-20.0
2020-10-10,1.8920000000000001,354.42857142857144,3.5714285714285716,-6.0,14.0,-14.0
2020-10-11,1.8920000000000001,351.42857142857144,3.4285714285714284,-5.0,14.0,-3.0
2020-10-12,1.8920000000000001,351.42857142857144,3.142857142857143,11.0,-31.0,10.0
2020-10-13,1.8920000000000001,331.7142857142857,3.0,-2.0,-6.0,13.0
2020-10-14,1.8920000000000001,297.7142857142857,2.4285714285714284,-2.0,10.0,16.0
2020-10-15,1.8920000000000001,278.14285714285717,2.0,9.0,0.0,-4.0
2020-10-16,1.8920000000000001,266.0,1.8571428571428572,0.0,1.0,-5.0
2020-10-17,1.8920000000000001,249.28571428571428,2.142857142857143,-10.0,24.0,-22.0
2020-10-18,1.8920000000000001,227.42857142857142,2.2217261904761902,-7.0,-5.0,-4.0
2020-10-19,1.8920000000000001,215.71428571428572,2.0788690476190474,13.0,-26.0,16.0
2020-10-20,1.8920000000000001,206.85714285714286,2.0788690476190474,-4.0,-3.0,10.0
2020-10-21,1.8920000000000001,196.71428571428572,2.364583333333333,-4.0,8.0,1.0
2020-10-22,1.8920000000000001,192.28571428571428,2.364583333333333,1.0,-7.0,0.0
2020-10-23,1.8920000000000001,174.28571428571428,2.507440476190476,-5.0,5.0,5.0
2020-10-24,1.8920000000000001,162.0,2.364583333333333,-4.0,22.0,-16.0
2020-10-25,1.8920000000000001,150.28571428571428,2.0,-1.0,46.0,-15.0
2020-10-26,1.8920000000000001,155.57142857142858,2.5074404761904767,6.0,-107.0,37.0
2020-10-27,1.8920000000000001,147.14285714285714,2.8720238095238098,-7.0,26.0,-4.0
2020-10-28,1.8920000000000001,137.28571428571428,2.729166666666667,-4.0,8.0,17.0
2020-10-29,1.8920000000000001,132.71428571428572,2.729166666666667,2.0,-9.0,12.0
2020-10-30,1.8920000000000001,131.71428571428572,3.09375,11.0,-32.0,-17.0
2020-10-31,1.8920000000000001,128.71428571428572,3.458333333333333,-12.0,69.0,-33.0
2020-11-01,0.958,130.85714285714286,3.601190476190476,-4.0,7.0,17.0
2020-11-02,0.958,120.28571428571429,3.6011904761904767,12.0,-40.0,6.0
2020-11-03,0.958,120.42857142857143,3.09375,-9.0,-3.0,17.0
2020-11-04,0.958,120.85714285714286,2.950892857142857,-1.0,4.0,15.0
2020-11-05,0.958,112.71428571428571,3.3154761904761902,7.0,5.0,-20.0
2020-11-06,0.958,109.57142857142857,2.8080357142857144,1.0,3.0,-1.0
2020-11-07,0.958,104.42857142857143,2.443452380952381,-7.0,29.0,-18.0
2020-11-08,0.958,104.14285714285714,2.1577380952380953,-2.0,12.0,-1.0
2020-11-09,0.958,103.14285714285714,1.6502976190476188,7.0,-41.0,13.0
2020-11-10,0.958,96.42857142857143,1.7931547619047616,-3.0,-7.0,13.0
2020-11-11,0.958,97.85714285714286,1.7931547619047616,-3.0,7.0,16.0
2020-11-12,0.958,89.85714285714286,1.4285714285714286,0.0,-4.0,16.0
2020-11-13,0.958,82.42857142857143,1.4285714285714286,8.0,-36.0,-4.0
2020-11-14,0.958,79.28571428571429,1.7931547619047616,19.0,-88.0,-120.0
2020-11-15,0.958,69.42857142857143,2.3005952380952377,-18.0,107.0,35.0
2020-11-16,0.958,62.42857142857143,2.8080357142857144,3.0,2.0,29.0
2020-11-17,0.958,58.42857142857143,3.1726190476190474,-4.0,4.0,20.0
2020-11-18,0.958,50.142857142857146,3.6800595238095233,-7.0,13.0,12.0
2020-11-19,0.958,50.57142857142857,3.5372023809523805,4.0,-5.0,-1.0
2020-11-20,0.958,47.57142857142857,4.044642857142857,-4.0,1.0,7.0
2020-11-21,0.958,49.857142857142854,4.044642857142857,-5.0,37.0,-36.0
2020-11-22,0.958,52.714285714285715,4.044642857142857,-1.0,-5.0,-15.0
2020-11-23,0.958,54.42857142857143,4.044642857142857,6.0,-26.0,23.0
2020-11-24,0.958,51.42857142857143,4.044642857142857,17.0,-32.0,-51.0
2020-11-25,0.958,50.714285714285715,4.044642857142857,70.0,-134.0,-119.0
2020-11-26,0.958,43.857142857142854,4.552083333333333,-65.0,73.0,98.0
2020-11-27,0.958,38.714285714285715,4.552083333333333,-25.0,85.0,66.0
2020-11-28,0.958,36.285714285714285,4.552083333333333,2.0,32.0,-19.0
2020-11-29,0.958,34.57142857142857,4.552083333333333,3.0,29.0,-16.0
2020-11-30,0.958,35.714285714285715,4.044642857142857,5.0,-62.0,35.0
2020-12-01,0.5519354838709677,35.857142857142854,3.5372023809523805,-6.0,6.0,16.0
2020-12-02,0.5519354838709677,37.0,3.0297619047619047,17.0,7.0,-42.0
2020-12-03,0.5519354838709677,39.857142857142854,2.5223214285714284,11.0,-15.0,-9.0
2020-12-04,0.5519354838709677,44.142857142857146,2.0148809523809526,8.0,-29.0,-20.0
2020-12-05,0.5519354838709677,43.857142857142854,2.014880952380952,-19.0,50.0,-1.0
2020-12-06,0.5519354838709677,41.285714285714285,2.014880952380952,-10.0,18.0,10.0
2020-12-07,0.5519354838709677,43.142857142857146,2.014880952380952,3.0,-31.0,28.0
2020-12-08,0.5519354838709677,41.57142857142857,2.5223214285714284,9.0,-34.0,-21.0
2020-12-09,0.5519354838709677,37.142857142857146,3.0297619047619047,-18.0,50.0,75.0
2020-12-10,0.5519354838709677,34.857142857142854,3.1726190476190474,5.0,-6.0,26.0
2020-12-11,0.5519354838709677,34.42857142857143,3.3154761904761902,3.0,4.0,-4.0
2020-12-12,0.5519354838709677,33.57142857142857,3.3154761904761902,-7.0,33.0,-32.0
2020-12-13,0.5519354838709677,38.285714285714285,3.3154761904761902,-1.0,6.0,2.0
2020-12-14,0.5519354838709677,34.714285714285715,3.3154761904761902,6.0,-40.0,16.0
2020-12-15,0.5519354838709677,34.142857142857146,3.3154761904761907,1.0,-4.0,0.0
2020-12-16,0.5519354838709677,34.714285714285715,2.950892857142857,10.0,9.0,-13.0
2020-12-17,0.5519354838709677,37.0,3.3154761904761902,8.0,-13.0,-10.0
2020-12-18,0.5519354838709677,37.714285714285715,3.1726190476190474,-4.0,17.0,10.0
2020-12-19,0.551935483870968,38.714285714285715,2.6651785714285716,-19.0,39.0,-3.0
2020-12-20,0.551935483870968,36.57142857142857,2.300595238095238,-4.0,-12.0,8.0
2020-12-21,0.551935483870968,35.57142857142857,2.300595238095238,10.0,-32.0,8.0
2020-12-22,0.551935483870968,37.285714285714285,1.9360119047619047,0.0,-7.0,11.0
2020-12-23,0.551935483870968,37.57142857142857,2.3005952380952377,-2.0,14.0,17.0
2020-12-24,0.551935483870968,37.57142857142857,2.300595238095238,1.0,-15.0,15.0
2020-12-25,0.551935483870968,34.857142857142854,2.8080357142857144,14.0,-58.0,-18.0
2020-12-26,0.551935483870968,33.142857142857146,2.8080357142857144,-15.0,78.0,-15.0
2020-12-27,0.551935483870968,35.285714285714285,2.6651785714285716,-7.0,22.0,30.0
2020-12-28,0.551935483870968,38.0,3.1726190476190474,8.0,-31.0,-21.0
2020-12-29,0.551935483870968,37.0,3.1726190476190474,5.0,-13.0,-10.0
2020-12-30,0.551935483870968,35.857142857142854,3.172619047619048,-4.0,19.0,25.0
2020-12-31,0.551935483870968,73.61681547619047,3.1726190476190474,-5.0,-3.0,41.0
2021-01-01,1.3443709090909113,79.18824404761904,3.1726190476190474,16.0,-73.0,-48.0
2021-01-02,1.3443709090909113,75.90252976190474,3.6800595238095233,-7.0,97.0,-37.0
2021-01-03,1.3443709090909113,76.18824404761904,4.1875,-3.0,-4.0,-1.0
2021-01-04,1.3443709090909113,75.61681547619047,3.8229166666666665,-1.0,-14.0,20.0
2021-01-05,1.3443709090909113,76.33110119047618,4.1875,1.0,-9.0,6.0
2021-01-06,1.3443709090909113,77.47395833333333,4.187499999999999,6.0,12.0,-16.0
2021-01-07,1.3443709090909113,39.0,3.6800595238095233,-3.0,-3.0,19.0
2021-01-08,1.3443709090909113,72.75967261904762,3.6800595238095233,-5.0,8.0,-3.0
2021-01-09,1.3443709090909113,79.33110119047618,3.6800595238095233,-9.0,15.0,-22.0
2021-01-10,1.3443709090909113,76.47395833333333,3.31547619047619,-2.0,15.0,-10.0
2021-01-11,1.3443709090909113,75.47395833333333,3.6800595238095233,11.0,-38.0,4.0
2021-01-12,1.3443709090909113,71.33110119047619,3.1726190476190474,-3.0,-13.0,20.0
2021-01-13,1.3443709090909113,70.61681547619047,3.1726190476190474,-10.0,-14.0,35.0
2021-01-14,1.3443709090909113,71.75967261904762,3.1726190476190474,35.0,-114.0,-83.0
2021-01-15,1.3443709090909113,32.285714285714285,3.1726190476190474,-4.0,1.0,-2.0
2021-01-16,1.3443709090909113,26.571428571428573,2.8080357142857144,-24.0,36.0,20.0
2021-01-17,1.3443709090909113,27.285714285714285,3.172619047619048,-23.0,83.0,37.0
2021-01-18,1.3443709090909113,27.428571428571427,2.6651785714285716,13.0,-1.0,0.0
2021-01-19,1.3443709090909113,30.142857142857142,3.1726190476190474,2.0,0.0,-16.0
2021-01-20,1.3443709090909113,30.428571428571427,3.1726190476190474,1.0,14.0,11.0
2021-01-21,1.3443709090909113,29.285714285714285,3.6800595238095233,6.0,-2.0,-13.0
2021-01-22,1.3443709090909113,28.428571428571427,3.6800595238095233,-1.0,7.0,7.0
2021-01-23,1.3443709090909113,31.285714285714285,3.5372023809523805,-7.0,20.0,-9.0
2021-01-24,1.3443709090909113,30.571428571428573,3.029761904761904,-10.0,0.0,24.0
2021-01-25,1.3443709090909113,29.857142857142858,3.5372023809523805,-3.0,-51.0,40.0
2021-01-26,1.3443709090909113,29.142857142857142,3.5372023809523805,24.0,-72.0,-25.0
2021-01-27,1.3443709090909113,28.142857142857142,3.0297619047619047,-22.0,84.0,42.0
2021-01-28,1.3443709090909113,28.714285714285715,2.5223214285714284,14.0,0.0,-39.0
2021-01-29,1.3443709090909113,30.0,2.5223214285714284,-4.0,21.0,-16.0
2021-01-30,1.3443709090909113,31.0,3.0297619047619047,-10.0,29.0,-12.0
2021-01-31,1.3443709090909113,29.714285714285715,3.0297619047619047,-7.0,-7.0,13.0
2021-02-01,1.3443709090909113,31.142857142857142,2.8080357142857144,4.0,-40.0,12.0
2021-02-02,1.3443709090909113,30.428571428571427,2.8080357142857144,3.0,1.0,-14.0
2021-02-03,1.3443709090909113,30.285714285714285,2.8080357142857144,-2.0,1.0,24.0
2021-02-04,1.3443709090909113,30.285714285714285,3.3154761904761902,6.0,-2.0,-26.0
2021-02-05,1.3443709090909113,33.0,2.950892857142857,2.0,8.0,0.0
2021-02-06,1.3443709090909113,31.857142857142858,2.9508928571428568,-9.0,28.0,-1.0
2021-02-07,1.3443709090909113,32.0,3.4583333333333335,1.0,-25.0,-9.0
2021-02-08,1.3443709090909113,31.714285714285715,3.172619047619048,2.0,-14.0,13.0
2021-02-09,1.3443709090909113,32.857142857142854,3.1726190476190474,2.0,4.0,-9.0
2021-02-10,1.3443709090909113,32.285714285714285,3.1726190476190474,-1.0,9.0,16.0
2021-02-11,1.3443709090909113,30.285714285714285,3.1726190476190474,7.0,3.0,-17.0
2021-02-12,1.3443709090909113,25.857142857142858,3.5372023809523805,0.0,7.0,-9.0
2021-02-13,1.3443709090909113,24.285714285714285,3.5372023809523805,-9.0,8.0,-4.0
2021-02-14,1.3443709090909113,22.285714285714285,3.029761904761904,0.0,-18.0,-4.0
2021-02-15,1.3443709090909113,21.428571428571427,3.029761904761904,2.0,-9.0,21.0
2021-02-16,1.3443709090909113,19.285714285714285,3.0297619047619047,3.0,3.0,-9.0
2021-02-17,1.3443709090909113,19.142857142857142,3.1726190476190474,0.0,14.0,16.0
2021-02-18,1.3443709090909113,18.428571428571427,3.1726190476190474,7.0,1.0,-9.0
2021-02-19,1.3443709090909113,17.714285714285715,2.8080357142857144,0.0,3.0,-1.0
2021-02-20,1.3443709090909113,18.428571428571427,2.8080357142857144,-11.0,23.0,-16.0
2021-02-21,1.3443709090909113,20.571428571428573,2.8080357142857144,20.0,-55.0,-37.0
2021-02-22,1.3443709090909113,18.857142857142858,3.3154761904761902,-13.0,14.0,45.0
2021-02-23,1.3443709090909113,20.0,2.950892857142857,-3.0,1.0,15.0
2021-02-24,1.3443709090909113,21.428571428571427,2.8080357142857144,-6.0,6.0,14.0
2021-02-25,1.3443709090909113,21.571428571428573,2.3005952380952377,12.0,-10.0,-25.0
2021-02-26,1.3443709090909113,22.428571428571427,2.6651785714285716,-7.0,16.0,7.0
2021-02-27,1.3443709090909113,21.142857142857142,2.1577380952380953,-4.0,-2.0,-31.0
2021-02-28,1.3443709090909113,19.0,2.6651785714285716,0.0,12.0,5.0
2021-03-01,1.3443709090909113,19.142857142857142,2.1577380952380953,4.0,-11.0,5.0
2021-03-02,1.3443709090909113,19.285714285714285,2.5223214285714284,1.0,-5.0,11.0
2021-03-03,1.3443709090909113,17.285714285714285,3.0297619047619047,-3.0,9.0,15.0
2021-03-04,1.3443709090909113,16.714285714285715,3.5372023809523805,7.0,2.0,-7.0
2021-03-05,1.3443709090909113,18.142857142857142,3.5372023809523805,-1.0,2.0,5.0
2021-03-06,1.3443709090909113,18.0,3.5372023809523805,-8.0,24.0,-23.0
2021-03-07,1.3443709090909113,20.428571428571427,3.5372023809523805,3.0,-29.0,-2.0
2021-03-08,1.3443709090909113,21.142857142857142,4.044642857142857,3.0,0.0,14.0
2021-03-09,1.3443709090909113,20.714285714285715,4.044642857142857,-1.0,-4.0,5.0
2021-03-10,1.3443709090909113,22.142857142857142,4.044642857142857,-2.0,11.0,16.0
2021-03-11,1.3443709090909113,22.857142857142858,4.044642857142857,4.0,-11.0,-4.0
2021-03-12,1.3443709090909113,22.857142857142858,4.044642857142857,-3.0,9.0,-8.0
2021-03-13,1.3443709090909113,24.571428571428573,4.552083333333333,0.0,6.0,-16.0
2021-03-14,1.3443709090909113,23.142857142857142,4.044642857142857,1.0,-9.0,3.0
2021-03-15,1.3443709090909113,23.142857142857142,3.5372023809523805,-4.0,-14.0,24.0
2021-03-16,1.3443709090909113,22.857142857142858,3.0297619047619047,5.0,2.0,-8.0
2021-03-17,1.3443709090909113,26.857142857142858,3.029761904761905,-2.0,18.0,9.0
2021-03-18,1.3443709090909113,35.285714285714285,2.5223214285714284,9.0,-2.0,-9.0
2021-03-19,1.3443709090909113,39.714285714285715,2.5223214285714284,-3.0,6.0,-4.0
2021-03-20,1.3443709090909113,43.857142857142854,2.5223214285714284,-6.0,14.0,-27.0
2021-03-21,1.3443709090909113,50.857142857142854,2.5223214285714284,3.0,-18.0,-8.0
2021-03-22,1.3443709090909113,55.57142857142857,2.5223214285714284,4.0,-6.0,23.0
2021-03-23,1.3443709090909113,64.57142857142857,2.5223214285714284,-6.0,-12.0,22.0
2021-03-24,1.3443709090909113,75.0,2.1577380952380953,-5.0,0.0,24.0
2021-03-25,1.3443709090909113,77.0,2.6651785714285716,12.0,5.0,-31.0
2021-03-26,1.3443709090909113,82.0,2.6651785714285716,-1.0,5.0,-3.0
2021-03-27,1.3443709090909113,91.71428571428571,2.1577380952380953,-5.0,9.0,-19.0
2021-03-28,1.3443709090909113,102.14285714285714,2.6651785714285716,-3.0,1.0,-1.0
2021-03-29,1.3443709090909113,113.28571428571429,2.6651785714285716,12.0,-32.0,8.0
2021-03-30,1.3443709090909113,117.28571428571429,2.6651785714285716,-3.0,2.0,7.0
2021-03-31,1.3443709090909113,117.57142857142857,3.0297619047619047,-9.0,10.0,27.0
2021-04-01,1.3443709090909113,141.14285714285714,2.5223214285714284,10.0,-3.0,-13.0
2021-04-02,1.3443709090909113,157.85714285714286,2.014880952380952,9.0,-52.0,-5.0
2021-04-03,1.3443709090909113,166.85714285714286,2.5223214285714284,-17.0,71.0,-16.0
2021-04-04,1.3443709090909113,179.71428571428572,2.5223214285714284,2.0,-3.0,-18.0
2021-04-05,1.3443709090909113,187.57142857142858,3.0297619047619047,10.0,-49.0,12.0
2021-04-06,1.3443709090909113,205.0,3.1726190476190474,18.0,-130.0,-25.0
2021-04-07,1.3443709090909113,211.57142857142858,2.6651785714285716,-25.0,150.0,76.0
2021-04-08,1.3443709090909113,216.28571428571428,3.172619047619048,8.0,16.0,-27.0
2021-04-09,1.3443709090909113,217.71428571428572,3.680059523809524,0.0,3.0,-22.0
2021-04-10,1.3443709090909113,229.28571428571428,3.3154761904761902,-4.0,10.0,-35.0
2021-04-11,1.3443709090909113,240.57142857142858,2.950892857142857,0.0,2.0,-15.0
2021-04-12,1.3443709090909113,288.0,2.586309523809524,6.0,-20.0,30.0
2021-04-13,1.3443709090909113,313.85714285714283,2.729166666666667,-1.0,-18.0,18.0
2021-04-14,1.3443709090909113,357.14285714285717,2.8720238095238098,24.0,-67.0,-37.0
2021-04-15,1.3443709090909113,374.2857142857143,2.364583333333333,-19.0,88.0,25.0
2021-04-16,1.3443709090909113,418.2857142857143,2.142857142857143,4.0,1.0,-13.0
2021-04-17,1.3443709090909113,481.57142857142856,2.2857142857142856,-8.0,23.0,-32.0
2021-04-18,1.3443709090909113,532.5714285714286,2.4285714285714284,0.0,-20.0,-2.0
2021-04-19,1.3443709090909113,540.1428571428571,2.857142857142857,8.0,-16.0,19.0
2021-04-20,1.3443709090909113,571.5714285714286,3.0,-1.0,-5.0,-5.0
2021-04-21,1.3443709090909113,592.0,3.4285714285714284,-2.0,8.0,19.0
2021-04-22,1.3443709090909113,674.0,3.857142857142857,-3.0,-6.0,10.0
2021-04-23,1.3443709090909113,711.2857142857143,3.7142857142857144,1.0,3.0,-7.0
2021-04-24,1.3443709090909113,737.5714285714286,4.571428571428571,42.0,-75.0,-144.0
2021-04-25,1.3443709090909113,786.8571428571429,5.714285714285714,-3.0,13.0,-9.0
2021-04-26,1.3443709090909113,812.8571428571429,6.428571428571429,-27.0,36.0,112.0
2021-04-27,1.3443709090909113,867.5714285714286,7.714285714285714,4.0,-8.0,-11.0
2021-04-28,1.3443709090909113,958.8571428571429,8.428571428571429,5.0,-5.0,1.0
2021-04-29,1.3443709090909113,978.1428571428571,9.571428571428571,4.0,-11.0,-7.0
2021-04-30,1.3443709090909113,1035.7142857142858,11.0,-1.0,8.0,3.0
2021-05-01,1.81,1104.2857142857142,11.428571428571429,15.0,-49.0,-72.0
2021-05-02,1.81,1154.5714285714287,12.142857142857142,3.0,20.0,-35.0
2021-05-03,1.81,1162.0,12.857142857142858,-15.0,21.0,93.0
2021-05-04,1.81,1178.7142857142858,13.428571428571429,-4.0,-2.0,7.0
2021-05-05,1.81,1258.857142857143,14.571428571428571,0.0,7.0,4.0
2021-05-06,1.81,1314.2857142857142,15.428571428571429,12.0,-5.0,-12.0
2021-05-07,1.81,1393.0,16.428571428571427,0.0,1.0,-7.0
2021-05-08,1.81,1439.2857142857142,17.428571428571427,-6.0,0.0,-21.0
2021-05-09,1.81,1478.2857142857142,18.857142857142858,-11.0,24.0,2.0
2021-05-10,1.81,1545.0,20.0,31.0,-54.0,-32.0
2021-05-11,1.81,1675.142857142857,21.857142857142858,4.0,-16.0,-3.0
2021-05-12,1.81,1702.0,23.142857142857142,3.0,0.0,7.0
2021-05-13,1.81,1763.7142857142858,24.0,3.0,-6.0,-1.0
2021-05-14,1.81,1796.2857142857142,25.571428571428573,5.0,-25.0,-7.0
2021-05-15,1.81,1781.2857142857142,25.714285714285715,-11.0,39.0,-17.0
2021-05-16,1.81,1828.142857142857,26.571428571428573,-7.0,14.0,1.0
2021-05-17,1.81,1853.857142857143,27.285714285714285,10.0,-27.0,13.0
2021-05-18,1.81,1817.857142857143,27.714285714285715,0.0,0.0,3.0
2021-05-19,1.81,1782.4285714285713,28.0,0.0,6.0,11.0
2021-05-20,1.81,1784.5714285714287,28.571428571428573,9.0,-3.0,-18.0
2021-05-21,1.81,1745.7142857142858,28.0,-1.0,2.0,1.0
2021-05-22,1.81,1723.857142857143,29.428571428571427,-11.0,8.0,-9.0
2021-05-23,1.81,1650.5714285714287,29.714285714285715,-20.0,35.0,23.0
2021-05-24,1.81,1575.7142857142858,29.0,30.0,-48.0,-21.0
2021-05-25,1.81,1495.7142857142858,28.0,-3.0,-3.0,3.0
2021-05-26,1.81,1433.142857142857,27.714285714285715,-2.0,8.0,9.0
2021-05-27,1.81,1316.0,26.571428571428573,5.0,2.0,3.0
2021-05-28,1.81,1247.5714285714287,25.857142857142858,-4.0,9.0,1.0
2021-05-29,1.81,1183.4285714285713,24.571428571428573,-8.0,20.0,-16.0
2021-05-30,1.81,1109.4285714285713,22.714285714285715,-8.0,15.0,8.0
2021-05-31,1.81,1067.2857142857142,22.0,12.0,-32.0,8.0
2021-06-01,1.67,1030.4285714285713,20.285714285714285,-4.0,0.0,12.0
2021-06-02,1.67,965.5714285714286,18.857142857142858,0.0,6.0,10.0
2021-06-03,1.67,919.5714285714286,18.285714285714285,6.0,1.0,1.0
2021-06-04,1.67,846.5714285714286,17.857142857142858,-1.0,5.0,-9.0
2021-06-05,1.67,791.8571428571429,16.571428571428573,-11.0,19.0,-16.0
2021-06-06,1.67,750.4285714285714,15.714285714285714,-10.0,16.0,8.0
2021-06-07,1.67,729.7142857142857,14.571428571428571,13.0,-32.0,8.0
2021-06-08,1.67,667.7142857142857,13.428571428571429,-16.0,22.0,33.0
2021-06-09,1.67,635.5714285714286,11.571428571428571,-5.0,11.0,15.0
2021-06-10,1.67,591.5714285714286,10.571428571428571,8.0,4.0,0.0
2021-06-11,1.67,551.1428571428571,9.571428571428571,1.0,3.0,-10.0
2021-06-12,1.67,526.7142857142857,9.142857142857142,-12.0,15.0,-18.0
2021-06-13,1.67,492.7142857142857,8.0,-11.0,12.0,12.0
2021-06-14,1.67,468.0,7.571428571428571,9.0,-37.0,8.0
2021-06-15,1.67,440.85714285714283,7.428571428571429,1.0,5.0,3.0
2021-06-16,1.67,410.57142857142856,7.714285714285714,-5.0,6.0,10.0
2021-06-17,1.67,384.7142857142857,7.571428571428571,10.0,4.0,-9.0
2021-06-18,1.67,373.85714285714283,6.571428571428571,-2.0,4.0,-9.0
2021-06-19,1.67,352.85714285714283,6.142857142857143,-10.0,25.0,-15.0
2021-06-20,1.67,331.2857142857143,5.571428571428571,-6.0,-6.0,-1.0
2021-06-21,1.67,320.42857142857144,5.0,8.0,-35.0,18.0
2021-06-22,1.67,310.2857142857143,4.428571428571429,-7.0,3.0,18.0
2021-06-23,1.67,286.42857142857144,4.142857142857143,-2.0,10.0,16.0
2021-06-24,1.67,282.42857142857144,3.4285714285714284,7.0,6.0,-5.0
2021-06-25,1.67,269.2857142857143,3.5714285714285716,2.0,6.0,-10.0
2021-06-26,1.67,259.7142857142857,3.0,-10.0,18.0,-13.0
2021-06-27,1.67,256.85714285714283,3.0,-7.0,6.0,-1.0
2021-06-28,1.67,244.14285714285714,2.7142857142857144,7.0,-33.0,19.0
2021-06-29,1.67,231.57142857142858,3.0,-1.0,0.0,3.0
