Fecha,Puducherry,Goa,Manipur,Nagaland,Mizoram
2020-06-17,149.83614852973804,288.6270399620916,208.63555128347687,5.0968710692284525,59.846139550757684
2020-06-18,154.35015038349417,297.1649265946377,218.1366595632201,5.268099699315722,62.43936240006512
2020-06-19,157.50340938264156,303.0707242515828,225.57837747898444,5.394166488855264,64.44877592031074
2020-06-20,159.7235560480983,307.17145979718833,231.41048197142175,5.489263180406487,66.02554034424469
2020-06-21,161.30383038879114,310.03423782549237,235.9845097543297,5.563134853092797,67.28178209273953
2020-06-22,162.44531690943447,312.04793138043976,239.5752141927154,5.622473273163809,68.30067391717573
2020-06-23,163.28590606458883,313.47919749923915,242.3973367754546,5.67187359891532,69.14391213560367
2020-06-24,163.92015411796055,314.5108879924287,244.61871617292257,5.714491339117814,69.85726227350777
2020-06-25,164.4129014618815,315.268387705292,246.37053060084932,5.752493454001333,70.4746733316027
2020-06-26,164.80861136778748,315.8376754826645,247.7553069853155,5.787368107621392,71.02132917412088
2020-06-27,165.13777378898067,316.27770871802744,248.85317827310678,5.820137363353482,71.51591205080878
2020-06-28,165.42129664475945,316.6289155960254,249.72677503802288,5.851503232649257,71.97228156682085
2020-06-29,165.6735170637627,316.9190183512412,250.42504800889074,5.8819479596882775,72.40072008391606
2020-06-30,165.90426655789034,317.1670267992464,250.98625628891202,5.911802892987237,72.80885649319539
2020-07-01,166.1202864711863,317.3859756391086,251.44030253924993,5.941295747997169,73.20235146394528
2020-07-02,166.32619956811368,317.5848029882698,251.81055815991283,5.9705831001521945,73.58540568586153
2020-07-03,166.52517562939576,317.76963772594706,252.11528981561796,5.999772670102153,73.96113696010657
2020-07-04,166.71938804921788,317.9446820218253,252.36877440898323,6.028938631329005,74.33185981613785
2020-07-05,166.91032702196378,318.1128172076384,252.58217054679136,6.058132126655239,74.69929283281726
2020-07-06,167.0990141722045,318.2760186364029,252.76419948634577,6.0873884734538155,75.0647127392894
2020-07-07,167.28614986466724,318.4356405089788,252.9216779392151,6.116732145690188,75.4290684027736
2020-07-08,167.47221415073543,318.59261106453124,253.05993357274613,6.146180156024953,75.79306555604812
2020-07-09,167.65753579533916,318.747566157188,253.18313000113727,6.175744395551113,76.15722952558544
2020-07-10,167.84234030235183,318.9009420123469,253.29452175203105,6.205433240745258,76.5219518997952
2020-07-11,168.02678196704974,319.0530370363906,253.39665249849787,6.23525266765301,76.88752501333505
2020-07-12,168.2109662474885,319.2040551365426,253.49151024479397,6.265206983180043,77.2541676147323
2020-07-13,168.39496530267922,319.354136321019,253.5806488110899,6.295299365641361,77.62204386571139
2020-07-14,168.5788284941708,319.5033759953876,253.66528257128914,6.32553221630434,77.99127747167961
2020-07-15,168.7625890904435,319.65183878206847,253.74636057563256,6.355907399172506,78.36196199310774
2020-07-16,168.9462698655087,319.7995691095366,253.82462478915213,6.38642641800079,78.73416891149081
2020-07-17,169.1298862910275,319.94659699309307,253.90065443081812,6.417090525787815,79.10795317189923
2020-07-18,169.3134486552189,320.0929424193756,253.97490292342684,6.447900793531963,79.48335736331435
2020-07-19,169.4969636170915,320.23861871612064,254.04772453135416,6.478858187546913,79.86041507146567
2020-07-20,169.68043569487145,320.38363489493923,254.11939581452427,6.509963600470243,80.23915316406907
2020-07-21,169.86386772183116,320.5279966304581,254.19013290787115,6.541217862598586,80.61959355864633
2020-07-22,170.04726136060086,320.67170730099974,254.26010480802708,6.572621769426107,81.00175447002434
2020-07-23,170.23061738265446,320.81476891196735,254.3294433262675,6.604176096399841,81.38565128569374
2020-07-24,170.41393623288573,320.95718247298583,254.39825212913533,6.635881607968494,81.77129748094897
2020-07-25,170.59721791487922,321.09894832482973,254.46661151194843,6.667739050366881,82.15870509969197
2020-07-26,170.7804621884991,321.2400663813618,254.53458430204537,6.699749167259642,82.54788498871198
2020-07-27,170.9636686426707,321.38053602651087,254.60221970327467,6.7319127006938055,82.93884719341109
2020-07-28,171.14683664449228,321.520356515747,254.66955613692662,6.764230394262476,83.33160124557502
2020-07-29,171.32996573801432,321.659526990926,254.7366236144548,6.796702991782551,83.72615624505015
2020-07-30,171.5130549166474,321.7980465123926,254.80344529868063,6.82933123783379,84.12252088516081
2020-07-31,171.69610374989026,321.9359140610538,254.87003959811926,6.862115879084899,84.52070367066412
2020-08-01,171.87911175902715,322.0731285635868,254.93642066207943,6.895057664672361,84.9207129282915
2020-08-02,172.0620771798155,322.2096889026165,255.00259985390142,6.928157347215123,85.32255690933286
2020-08-03,172.24500046199248,322.3455939534328,255.06858553052888,6.961415682533929,85.72624383158994
2020-08-04,172.4278805308788,322.48084258255693,255.13438414525828,6.994833428919803,86.13178179099637
2020-08-05,172.610716467688,322.6154336482506,255.20000100506564,7.028411348232971,86.5391788871699
2020-08-06,172.79350737573046,322.7493660045104,255.2654401844903,7.062150205680489,86.94844318794702
2020-08-07,172.97625235834917,322.8826385048705,255.330705079152,7.096050770222336,87.35958277639944
2020-08-08,173.15895053855348,323.01525000436527,255.3957976477854,7.130113814624721,87.77260574304997
2020-08-09,173.34160114323942,323.1471993618207,255.46072003549725,7.164340116043823,88.18752019160046
2020-08-10,173.52420352790995,323.2784854390486,255.5254734478328,7.198730455216282,88.60433423435293
2020-08-11,173.70675687939092,323.4091071015001,255.59005898420196,7.233285616654235,89.02305600297548
2020-08-12,173.88926035072285,323.53906321943975,255.65447739936798,7.268006388607274,89.44369364797505
2020-08-13,174.07171300581953,323.66835266621524,255.7187294356056,7.302893563143155,89.86625534233652
2020-08-14,174.2541141802984,323.7969743220058,255.78281547305116,7.337947928546208,90.29074929298048
2020-08-15,174.4364632552198,323.9249270705066,255.84673565962754,7.373170303166933,90.71718372365592
2020-08-16,174.618758834152,324.05220980276425,255.91049020301324,7.4085614690870365,91.14556689479629
2020-08-17,174.80100093114942,324.1788214348111,255.97407911954576,7.444122234534018,91.57590708688842
2020-08-18,174.98318846816827,324.30476087066955,256.0375024938525,7.479853408954976,92.00821262522409
2020-08-19,175.1653205185088,324.4300270077974,256.1007603180028,7.515755805528552,92.4424918376561
2020-08-20,175.34739615580574,324.55461874365227,256.1638526037611,7.551830247207402,92.87875308520013
2020-08-21,175.52941445369382,324.67853497569195,256.22677926814686,7.5880775569385,93.31700476250178
2020-08-22,175.71137448620894,324.8017746013741,256.2895402339619,7.624498559444046,93.75725529551542
2020-08-23,175.89327550494912,324.92433657005796,256.3521353862088,7.661094083157155,94.19951312510797
2020-08-24,176.07511679739272,325.04621986064,256.4145645918909,7.697864962120172,94.64378673072373
2020-08-25,176.2568975351478,325.1674234027449,256.47682772182424,7.7348120324622744,95.09008462607873
2020-08-26,176.43861688982247,325.2879461259103,256.53892463051113,7.771936137189323,95.53841535642523
2020-08-27,176.62027403302477,325.40778695967407,256.6008551769247,7.809238120526892,95.98878749854268
2020-08-28,176.80186813614137,325.52694483357385,256.6626192064091,7.846718833039115,96.44120965073651
2020-08-29,176.98339835717394,325.64541869555256,256.72421656795484,7.884379126926399,96.8956904372786
2020-08-30,177.1648638550629,325.76320757757213,256.7856470997303,7.922219860013627,97.35223851844592
2020-08-31,177.34626379495685,325.88031045451066,256.8469106413561,7.96024189430125,97.81086258445305
2020-09-01,177.5275973420045,325.99672629082767,256.90800702965095,7.9984460962784185,98.27157135545228
2020-09-02,177.70886366135446,326.1124540509827,256.9689361004005,8.036833333908548,98.73437358474173
2020-09-03,177.89006192241044,326.2274926994352,257.0296976896568,8.075404480003757,99.19927806907283
2020-09-04,178.07119142734277,326.34184119934014,257.0902916324363,8.114160412224852,99.66629362974705
2020-09-05,178.25225141636022,326.45549842058847,257.1507177640627,8.153102012847336,100.1354291184929
2020-09-06,178.4332407703909,326.56846323691366,257.2109759190162,8.192230167355252,100.60669341854624
2020-09-07,178.61415857457607,326.6807349081517,257.2710659320855,8.231545766582311,101.08009466312623
2020-09-08,178.79500396205628,326.79231259662436,257.3309876378832,8.271049706250539,101.55564375308177
2020-09-09,178.97577624691496,326.9031953344082,257.3907408710317,8.310742886753426,102.03334815576784
2020-09-10,179.15647433931417,327.0133820725258,257.4503254665789,8.350626213155909,102.51321692708441
2020-09-11,179.3370976504917,327.1228717664634,257.5097412598957,8.390700593112129,102.99525912293147
2020-09-12,179.51764554270915,327.23166345923795,257.5689880863709,8.430966936980884,103.47948379920898
2020-09-13,179.69811626443538,327.3397562111273,257.62806578224,8.471426161159238,103.96590007477118
2020-09-14,179.87851012980266,327.44714908612985,257.68697418354014,8.512079186337411,104.45451724798808
2020-09-15,180.05882597563195,327.55384085815416,257.745713127821,8.55292693749389,104.94534445863324
2020-09-16,180.23906281749726,327.65983138470807,257.8042824522027,8.59397034395995,105.43839071347303
2020-09-17,180.41921968053268,327.76511879695107,257.86268199341583,8.6352103399908,105.9336651696179
2020-09-18,180.5992955898724,327.8697025654962,257.92091158819085,8.676647863983375,106.4311770342996
2020-09-19,180.77928960652713,327.97358206424656,257.9789710747017,8.718283858582815,106.9309356071998
2020-09-20,180.9592010404221,328.07675539840864,258.0368602932366,8.760119270791465,107.43295019898056
2020-09-21,181.13902907266734,328.17922284038485,258.0945790822152,8.802155051968876,107.93723013344344
2020-09-22,181.31877284427202,328.28098296806064,258.15212728000853,8.844392153910505,108.44378474571145
2020-09-23,181.4984314962453,328.38203487642124,258.2095047252496,8.886831522139293,108.95262340848814
2020-09-24,181.6780041682848,328.48237768302624,258.26671125997325,8.929474132536823,109.46375552175365
2020-09-25,181.85748994431526,328.582010499853,258.3237467251401,8.972320967688272,109.97719053341488
2020-09-26,182.03688791406282,328.68093244556775,258.3806109609346,9.015372998977648,110.49293789184554
2020-09-27,182.2161971898783,328.779142640419,258.43730380754124,9.058631197726552,111.01100711149945
2020-09-28,182.39541688411254,328.87664021738306,258.4938251102864,9.102096548466474,111.53140772139834
2020-09-29,182.57454610911637,328.9734243090876,258.5501747048846,9.145770042293412,112.05414927142665
2020-09-30,182.75358412694547,329.0694940602809,258.60635244074064,9.189652672964248,112.57924134067572
2020-10-01,182.93253040819945,329.16484861548645,258.6623581591051,9.233745436176143,113.1066935449654
2020-10-02,183.11138378155533,329.2594871314646,258.718191702316,9.278049332584981,113.6365155340621
2020-10-03,183.2901432259514,329.3534087799012,258.7738529194762,9.32256536930171,114.16871697215862
2020-10-04,183.46880786991022,329.446612777671,258.8293416562251,9.367294559013308,114.70330756507566
2020-10-05,183.64737684180668,329.539098297296,258.8846577571041,9.412237918373943,115.24029705555061
2020-10-06,183.8258493030126,329.63086450768776,258.9398010671759,9.457396467853934,115.77969522016554
2020-10-07,184.00422435298142,329.7219105777578,258.9947714320246,9.502771234020752,116.32151186517613
2020-10-08,184.18250118325707,329.81223567641774,259.0495686977556,9.548363247264138,116.86575680115789
2020-10-09,184.36067900070438,329.90183897257907,259.1041927109957,9.59417354376897,117.4124398798013
2020-10-10,184.53875706557022,329.9907196351535,259.15864331889287,9.640203163845122,117.9615709864941
2020-10-11,184.71673435468426,330.0788768330524,259.2129203691166,9.686453154193206,118.51316003665201
2020-10-12,184.89460987247023,330.1663097670831,259.26702370985765,9.732924566832144,119.06721697642456
2020-10-13,185.07238262335179,330.2530178157461,259.3209531898282,9.779618455348324,119.6237517864175
2020-10-14,185.25005162696965,330.3390002301846,259.37470865826157,9.826535878969684,120.1827744760633
2020-10-15,185.4276161323909,330.4242562324252,259.42828996491255,9.873677902631231,120.74429508490151
2020-10-16,185.60507531305444,330.50878504449446,259.4816969600574,9.921045596904614,121.30832368307355
2020-10-17,185.78242828218788,330.592585888419,259.53492949449344,9.968640036687756,121.8748698904619
2020-10-18,185.9596741530189,330.6756579862255,259.58798741953956,10.016462302692315,122.44394510191984
2020-10-19,186.13681203871275,330.75800055994034,259.64087058703586,10.06451348153986,123.01555850901511
2020-10-20,186.31384103896374,330.8396128315902,259.6935788493438,10.11279466540422,123.58972038864859
2020-10-21,186.49076025124486,330.92049402768913,259.7461120590828,10.161306952011484,124.1664410177211
2020-10-22,186.66756878084834,331.0006434545144,259.79847005290617,10.210051443458187,124.74573066970842
2020-10-23,186.84426573306644,331.0800604202008,259.8506526637101,10.25902924394453,125.32759959867181
2020-10-24,187.02085021319135,331.158744240195,259.90265972839006,10.308241464897478,125.91205808394528
2020-10-25,187.19730842805848,331.2366942478616,259.95449108164667,10.357689223067105,126.49911649122468
2020-10-26,187.37367217791905,331.31390976943305,260.0061465591269,10.407373640346798,127.08878518365967
2020-10-27,187.54991766087556,331.39039014405535,260.0576260381899,10.457295843784102,127.6810745729193
2020-10-28,187.72604487692797,331.46613394651996,260.1089293906632,10.507456966748322,128.27599507532207
2020-10-29,187.90205382607633,331.5411426622179,260.16005648363256,10.557858148073635,128.87355714559666
2020-10-30,188.07794436119747,331.61541354478874,260.2110071881731,10.608500531352888,129.47377126123737
2020-10-31,188.25371585744548,331.6889462538258,260.26178137924336,10.659385265478623,130.07664794113182
2020-11-01,188.42936763059475,331.7617404706056,260.3123789351855,10.710513504643082,130.68219771351
2020-11-02,188.6048992048048,331.8337953999944,260.36279973849565,10.761886260026824,131.29043116927394
2020-11-03,188.78030865655697,331.9051106361781,260.4130436756365,10.813505081994409,131.90135889223953
2020-11-04,188.95559637388476,331.9756852311086,260.463110636977,10.865370860927081,132.51499153209457
2020-11-05,189.13076104155573,332.0455190783395,260.5130001545774,10.917484792646338,133.13133973599088
2020-11-06,189.3058015320677,332.114611350815,260.56271219852806,10.969848072973674,133.75041419026272
2020-11-07,189.48071674078855,332.18296130619547,260.6122467468518,11.022461897730583,134.37222561702484
2020-11-08,189.6555058408207,332.25056820214155,260.66160367347555,11.07532746316348,134.99678478339268
2020-11-09,189.83016798682607,332.3174313364607,260.7107828543075,11.128445966088515,135.62410245757147
2020-11-10,190.00470225329954,332.3835502756622,260.7597841672368,11.181818609275256,136.25418942903283
2020-11-11,190.1791077184835,332.44892445628665,260.8086074921334,11.235446603544252,136.88705652142406
2020-11-12,190.35338346935663,332.51355327514256,260.85725271084846,11.289331163567166,137.52271459256795
2020-11-13,190.5275285873788,332.57743612903846,260.9057197072142,11.3434735134693,138.16117453446304
2020-11-14,190.70153704333757,332.6405724434245,260.9540083177411,11.39787487950772,138.80244727160755
2020-11-15,190.87542159135103,332.70296167991114,261.002118055035,11.452536495835322,139.446543737953
2020-11-16,191.04917079024602,332.76460326559555,261.0500490604967,11.507459599991337,140.09347490784938
2020-11-17,191.22278464002255,332.82549662693873,261.09780119859863,11.562645437519423,140.74325179416772
2020-11-18,191.39626295169163,332.8856336868747,261.1453743340938,11.618095256355215,141.39588544218256
2020-11-19,191.56960524551482,332.9450330118588,261.1927683320156,11.673810315791746,142.05138692957206
2020-11-20,191.74281048430527,333.00368071249443,261.23998305767816,11.729791875044748,142.70976736641796
2020-11-21,191.91587799964705,333.0615767887815,261.287018376676,11.786041205981887,143.3710378937157
2020-11-22,192.08880634576678,333.1187212407201,261.33387415488414,11.842559580269233,144.03520963925706
2020-11-23,192.2615953782599,333.17511402848174,261.38055025845836,11.899348278755724,144.70229376727636
2020-11-24,192.4342438590422,333.23075499995946,261.4270465360691,11.956408586984153,145.37230148675965
2020-11-25,192.60675067564844,333.2856436992467,261.4733628454227,12.01374180085047,146.0452440356178
2020-11-26,192.7791147237499,333.33977978882604,261.5194990651147,12.07134921651339,146.7211326806864
2020-11-27,192.9513351992444,333.39316199232763,261.56545506010866,12.12923213611387,147.39997871772576
2020-11-28,193.12341129086818,333.4457907017386,261.61123069550763,12.187391869039427,148.0817934713422
2020-11-29,193.29534208310434,333.4976652557578,261.65682583655456,12.245829731924129,148.76658828710185
2020-11-30,193.46712666021656,333.5487850663717,261.70224034863185,12.304547047422247,149.4543745383813
2020-12-01,193.63876410332773,333.59914955570457,261.7474740972619,12.363545142598573,150.1451636307222
2020-12-02,193.81025349431917,333.6487581458806,261.7925269481066,12.422825353340215,150.83896699791265
2020-12-03,193.9815939157836,333.6976104168825,261.8373987669676,12.482389022554699,151.5357961019869
2020-12-04,194.15277833722612,333.74570609155705,261.8820895213062,12.542237500060416,152.2356624332256
2020-12-05,194.32382198635463,333.79304473365573,261.9265990266206,12.602372142586633,152.93857751015167
2020-12-06,194.49471160750338,333.83962590586964,261.97092714699545,12.66279431792978,153.64455282469441
2020-12-07,194.6654472006723,333.8854491772895,262.0150737559901,12.723505409418705,154.35359979798713
2020-12-08,194.83602861207459,333.9305143179147,262.05903872773126,12.784506773875865,155.06573000041428
2020-12-09,195.00645521087262,333.9748210717892,262.1028219369135,12.845799770323072,155.78095512952572
2020-12-10,195.17672618632093,334.0183691122988,262.14642325879873,12.907385789293487,156.4992868567264
2020-12-11,195.34684088552459,334.061158112829,262.18984256921686,12.969266234509504,157.2207368723381
2020-12-12,195.5167980243678,334.1031876180463,262.23307974456526,13.031442510231443,157.94531683469765
2020-12-13,195.6865972847077,334.14445617461735,262.27613466734874,13.093916015252603,158.6730384329865
2020-12-14,195.8562374023996,334.18496368978975,262.319007227745,13.156688159913122,159.4039134338148
2020-12-15,196.02571722649142,334.2247103526494,262.36169729407055,13.219760365439795,160.1379536215416
2020-12-16,196.19503583837928,334.2636958110949,262.40420474629985,13.28313406073313,160.87517080071825
2020-12-17,196.36419239453625,334.3019195306257,262.4465294650554,13.346810678497445,161.6155767910032
2020-12-18,196.53318595008636,334.33938123512286,262.4886713316081,13.410791657483278,162.3591834226748
2020-12-19,196.70201556418255,334.3760806736951,262.5306302278769,13.475078442239305,163.10600257381793
2020-12-20,196.87068029771737,334.41201732260214,262.5724060364292,13.539672486779189,163.85604613348687
2020-12-21,197.03917504980964,334.44719116262354,262.6139986404805,13.604575251267462,164.60932603126
2020-12-22,197.20751014223137,334.481601798151,262.6554079238945,13.669788203005998,165.36585423507918
2020-12-23,197.3756757173796,334.515248868756,262.696633717415,13.73531281354922,166.12564273176577
2020-12-24,197.54367177525262,334.548132014094,262.7376759192762,13.801150565853757,166.8887034785965
2020-12-25,197.7114979577965,334.58025087389143,262.77853443578135,13.867302948395476,167.65504844015862
2020-12-26,197.87915375912024,334.6116051975774,262.81920915143564,13.933771453427683,168.42468972289882
2020-12-27,198.0466380568784,334.6421947740635,262.8596999513164,14.00055758099184,169.19763941056712
2020-12-28,198.21395008033647,334.67201931724156,262.90000672107294,14.067662839093877,169.9739095496471
2020-12-29,198.3810887936255,334.7010785410033,262.9401293469271,14.13508874316114,170.7535122115896
2020-12-30,198.54805364488135,334.7293721597387,262.9800677156727,14.202836815296221,171.53645961628177
2020-12-31,198.71484347155226,334.75689995065244,263.01982171467574,14.270908586151762,172.32276391811715
2021-01-01,198.8814571827767,334.78366169805275,263.0593912318745,14.339305594197002,173.1124372535686
2021-01-02,199.04789368769312,334.8096571534788,263.0987761557794,14.408029385674473,173.90549189123666
2021-01-03,199.2141519247657,334.83488606846976,263.13797637547293,14.477081513033063,174.7019399163369
2021-01-04,199.3802311403728,334.8593481960982,263.1769917806101,14.546463532272833,175.50179374969665
2021-01-05,199.54613045838602,334.88304335923664,263.2158222614177,14.61617700899877,176.30506557976614
2021-01-06,199.7118489383916,334.90597137607114,263.25446770869496,14.686223516159844,177.11176768707645
2021-01-07,199.87738563997596,334.92813203646307,263.2929280114395,14.756604633874304,177.9219124187541
2021-01-08,200.0427396236056,334.9495251302738,263.3312029681207,14.827321949766594,178.73551209709123
2021-01-09,200.20790995710047,334.97015044991787,263.3692925444603,14.89837705965901,179.55257907503886
2021-01-10,200.3728957049524,334.99000785821204,263.40719663127544,14.969771566118283,180.37312573622535
2021-01-11,200.53769593033346,335.0090972293594,263.4449151198648,15.04150707897191,181.19716449495664
2021-01-12,200.70230969641563,335.0274183585496,263.4824479020083,15.113585215359404,182.02470779621618
2021-01-13,200.8667220330229,335.04497101058155,263.5197948699673,15.186007600302654,182.855768068481
2021-01-14,201.03096752393483,335.06175500351867,263.5569559164846,15.258775868106694,183.69035773510583
2021-01-15,201.19502047048923,335.07777018749397,263.59393093478434,15.331891659616518,184.52848928643758
2021-01-16,201.35888087268606,335.093016388897,263.630719818572,15.40535662313959,185.37017523809288
2021-01-17,201.52254873052533,335.1074936373124,263.66732246203463,15.479172414562068,186.21542813087402
2021-01-18,201.68602392014495,335.12120170597984,263.7037387598404,15.553340703274634,187.06426053076893
2021-01-19,201.84930576735297,335.1341405278402,263.73996860713913,15.627863162439684,187.91668502895132
2021-01-20,202.01239351617053,335.1463099957526,263.7760118995618,15.702741469583541,188.77271419776608
2021-01-21,202.17528653463185,335.15770991764185,263.81186853322106,15.777977312468273,189.63236059531263
2021-01-22,202.33798302960773,335.16834031615633,263.84753840471063,15.853572386573678,190.49563684218853
2021-01-23,202.5004832207965,335.1782010927778,263.8830214139865,15.929528395097273,191.36255557895797
2021-01-24,202.66278575100736,335.1872921462159,263.91831746183385,16.00584704861724,192.2331294659406
2021-01-25,202.82488943474996,335.19561337511175,263.95342644217124,16.082530065569596,193.10737118321165
2021-01-26,202.986793254385,335.20316467810653,263.9883482537138,16.159579172399535,193.98529343060173
2021-01-27,203.14849640928037,335.20994595536024,264.0230827956657,16.236996103075963,194.86690891015596
2021-01-28,203.3099979512123,335.2159572030384,264.0576299677201,16.314782599276597,195.75223032538085
2021-01-29,203.4712969276117,335.22119841243716,264.0919896700595,16.392940410387972,196.64127041583572
2021-01-30,203.63239238348729,335.2256695302178,264.1261618033553,16.471471302138774,197.534041938706
2021-01-31,203.7932794568882,335.22937050304154,264.160146268768,16.550377046803117,198.43055766863523
2021-02-01,203.95396782107392,335.23230127756955,264.19394296794746,16.62965941345591,199.33083039772484
2021-02-02,204.11444803266681,335.23446181354825,264.2275518030324,16.70932018520923,200.23487293553444
2021-02-03,204.27472008958148,335.2358521650803,264.2609726766506,16.789361153144238,201.14269731748945
2021-02-04,204.43478359502598,335.23647233627287,264.29420549191923,16.86978411631117,202.05431821420535
2021-02-05,204.5946380285823,335.2363223151409,264.3272501524443,16.95059089019116,202.96974713462166
2021-02-06,204.75428282087813,335.23540208969916,264.36010656232105,17.03178330011792,203.8889969729495
2021-02-07,204.91371548185163,335.2337116479625,264.39277462613376,17.113363164413244,204.8120806234001
2021-02-08,205.0729367962412,335.2312510167925,264.42525427685746,17.195332317263464,205.73901098018464
2021-02-09,205.23194547946872,335.22802029461945,264.457545410905,17.277692601119163,206.66980093751422
2021-02-10,205.39074040927107,335.22401951464354,264.4896479255124,17.36044586669518,207.60446353705498
2021-02-11,205.54932050495358,335.21924870701054,264.52156172817814,17.443593978425973,208.54301211762152
2021-02-12,205.70768468582162,335.2137079018662,264.55328672692764,17.527138812789115,209.48545962849536
2021-02-13,205.86583187118052,335.2073971298145,264.58482283031225,17.61108224123222,210.431818717423
2021-02-14,206.0237611709494,335.2003165203539,264.6161699474099,17.69542614999185,211.38210224732012
2021-02-15,206.181471812752,335.19246625806204,264.64732798782495,17.78017243379327,212.3363231288361
2021-02-16,206.3389628499794,335.18384642956255,264.678296861688,17.865322995850427,213.29449440347872
2021-02-17,206.49623333572856,335.17445698818085,264.7090764796561,17.950879751978167,214.2566291378016
2021-02-18,206.6532823230965,335.1642979527155,264.73966675291274,18.036844631987453,215.2227403451821
2021-02-19,206.8101088872168,335.1533693965135,264.7700675931677,18.123219560389245,216.19284103545112
2021-02-20,206.96671237067042,335.1416716294447,264.8002789126572,18.210006476587573,217.1669442090954
2021-02-21,207.12309181450055,335.1292041247796,264.8303006241438,18.29720732867987,218.14506288928806
2021-02-22,207.2792458965784,335.1159677067315,264.8601326409164,18.384824073456965,219.12721012471258
2021-02-23,207.43517344207908,335.1019624287589,264.8897748774121,18.472858680149354,220.11339897027085
2021-02-24,207.59087418473746,335.08718838309375,264.91922725767216,18.56131313524271,221.10364248811499
2021-02-25,207.7463464864133,335.0716456463922,264.9484896887548,18.650189416334452,222.0979537524789
2021-02-26,207.90158978403483,335.0553343679521,264.9775620863059,18.739489517529634,223.09634583107578
2021-02-27,208.05660301321169,335.0382546782376,265.00644436650754,18.82921544186068,224.09883178977987
2021-02-28,208.21138542942643,335.0204067666961,265.03513644607847,18.919369201287385,225.1054247101328
2021-03-01,208.3659359421733,335.00179081148013,265.06363824227367,19.009952817357572,226.11613769901194
2021-03-02,208.5202540464963,334.98240699215387,265.0919496728847,19.100968340989716,227.13098384423503
2021-03-03,208.67433859330032,334.962255505808,265.12007065623936,19.192417799935033,228.14997623349527
2021-03-04,208.82818851164157,334.94133654442135,265.14800111120206,19.28430324502299,229.17312798330414
2021-03-05,208.98180273057616,334.9196502962403,265.17574095717345,19.376626736103212,230.200452213683
2021-03-06,209.13518017916024,334.8971969528295,265.2032901140907,19.469390342087586,231.23196203278704
2021-03-07,209.2883199789048,334.87397676039245,265.23064850242736,19.56259614387835,232.2676705685903
2021-03-08,209.44122135220067,334.8499899528602,265.2578160431934,19.65624624915299,233.3075909079564
2021-03-09,209.59388336142422,334.825236750537,265.28479265793516,19.750342743202257,234.3517362157501
2021-03-10,209.7463050688991,334.79971737537466,265.3115782687356,19.844887734443354,235.40011960747822
2021-03-11,209.89848553694907,334.7734320868485,265.33817279827025,19.93988334090995,236.45275419872937
2021-03-12,210.0504237870333,334.7463811388425,265.3645761697372,20.035331690312027,237.50965310208437
2021-03-13,210.20211866383852,334.7185647742935,265.39078830675595,20.131234920095668,238.57082943954853
2021-03-14,210.35356937300662,334.68998323639613,265.4168091335571,20.227595177502927,239.636296336698
2021-03-15,210.50477514897233,334.66063677767886,265.4426385749075,20.324414619631614,240.70606692240514
2021-03-16,210.65573499764864,334.6305256519957,265.46827655611065,20.42169542002827,241.78015432883873
2021-03-17,210.80644803140825,334.5996501237537,265.49372300300644,20.519439760016244,242.85857169146382
2021-03-18,210.95691298659648,334.5680105158949,265.51897784197126,20.617649823349073,243.94133214904173
2021-03-19,211.10712925269888,334.5356071301692,265.54404099991797,20.716327808829558,245.028448842088
2021-03-20,211.25709614776667,334.5024402899471,265.5689124042958,20.815475925614535,246.11993484454115
2021-03-21,211.40681172440324,334.468510337633,265.59359198309073,20.915096393284767,247.21580323938576
2021-03-22,211.55627634566363,334.4338181540523,265.61807966482496,21.015191441914848,248.31606713849084
2021-03-23,211.70548875025378,334.39836248251214,265.64237537855723,21.1157633121431,249.42073965312136
2021-03-24,211.85444787158295,334.36214503888885,265.6664790538829,21.216814255241477,250.5298338939383
2021-03-25,212.00315265385467,334.325165889404,265.69039062093356,21.318346522195668,251.64336297099854
2021-03-26,212.1516020412724,334.2874252220386,265.7141100103775,21.42036238978143,252.76133999375494
2021-03-27,212.29979497803973,334.24892332465623,265.73763715341937,21.522864141213482,253.88377807105638
2021-03-28,212.44773051018512,334.20966087673025,265.7609719818003,21.62585406942563,255.01069029018433
2021-03-29,212.59540792109638,334.1696378411846,265.784114427798,21.729334478153344,256.1420896478095
2021-03-30,212.7428262913408,334.12885472503365,265.80706442422644,21.833307681994643,257.2779891951843
2021-03-31,212.88998468712046,334.08731195590536,265.82982190443636,21.93777600647098,258.4184019880645
2021-04-01,213.0368821746374,334.04500995900474,265.852386813466,22.042741788088126,259.5633410768555
2021-04-02,213.18351782009373,334.00194915953654,265.8747590793109,22.148207369574838,260.7128195066127
2021-04-03,213.32989073490594,333.9581299745572,265.89693863481085,22.254175095659015,261.8668503170409
2021-04-04,213.47600021273178,333.91355278183624,265.9189254156559,22.360647344130655,263.02544654249493
2021-04-05,213.62184524382332,333.8682179829584,265.9407193580785,22.467626493594587,264.1886212119791
2021-04-06,213.76742468880354,333.8221259842054,265.9623203988532,22.575114933650255,265.3563872850083
2021-04-07,213.91273724368313,333.77527719185866,265.983728475297,22.683115064937574,266.52875768122396
2021-04-08,214.05778307542883,333.7276720154686,266.00494352526925,22.791629299182716,267.7057453647777
2021-04-09,214.2025601849333,333.67931092498526,266.02596548717145,22.900660059243947,268.88736328965234
2021-04-10,214.34706802525739,333.63019437321884,266.0467942999475,23.010209779157453,270.0736243996405
2021-04-11,214.4913056749488,333.5803227953939,266.06742990308356,23.12028090149846,271.26454162834494
2021-04-12,214.63527243653928,333.52969662673496,266.08787223660823,23.230875882322053,272.46012789917836
2021-04-13,214.77896700160406,333.4783275818771,266.1081212410922,23.341997190139242,273.6603961253635
2021-04-14,214.9223891142299,333.4261882892049,266.12817685764867,23.453647303610186,274.8653621527977
2021-04-15,215.0655376208984,333.37329782975814,266.14803902793295,23.565828712738004,276.07503165500435
2021-04-16,215.20841148273703,333.31965620353697,266.1677076941429,23.678543918911412,277.28942199560805
2021-04-17,215.35100966087342,333.26526341054125,266.18718279901844,23.791795434947314,278.5085458862847
2021-04-18,215.49333111643503,333.210119450771,266.20646428584195,23.905585785133397,279.73241603871026
2021-04-19,215.6353748579807,333.15422454055505,266.2255520984381,24.019917505384203,280.96104516456063
2021-04-20,215.7771401759498,333.09757919576276,266.24444618117377,24.134793148890928,282.19444597551177
2021-04-21,215.91862619878884,333.04018363755415,266.2631464844205,24.250215271577684,283.4326311832396
2021-04-22,216.05983201359768,332.98203877358105,266.2816529700902,24.36618644471922,284.67561349942
2021-04-23,216.20075670747627,332.9231442925324,266.2999655669853,24.482709251356912,285.9234055525461
2021-04-24,216.34139936752442,332.8635025156873,266.31808422200305,24.599786286345676,287.17601981660636
2021-04-25,216.48175906191716,332.80311227576203,266.33600888259406,24.717420156400852,288.4334688903148
2021-04-26,216.62183483762516,332.741974354628,266.3537394967623,24.835613480145113,289.69576537779966
2021-04-27,216.7616257652405,332.680089506878,266.37127601306514,24.95436888815536,290.9629218748749
2021-04-28,216.9011309157373,332.6174583917285,266.3886183806133,25.07368902716022,292.2349508198262
2021-04-29,217.04034936008978,332.55408166839635,266.4057665490709,25.19357655713226,293.51186468683557
2021-04-30,217.17928017828345,332.48995998587196,266.4227204686555,25.314034140777096,294.7936759940307
2021-05-01,217.31792276627158,332.42509382736176,266.4394800901379,25.43506445806425,296.0803972595394
2021-05-02,217.4562764385629,332.3594837243523,266.45604536484245,25.55667020127109,297.3720409482963
2021-05-03,217.5943399037212,332.2931302524419,266.4724162446467,25.678854075035215,298.66861942840717
2021-05-04,217.7321117822979,332.2260339872291,266.4885926819817,25.80161879640684,299.9701451467493
2021-05-05,217.86959229563888,332.15819553933176,266.5045746298318,25.924967094901184,301.27663055348427
2021-05-06,218.00677946773285,332.0896159460884,266.52036204173476,26.048901712550858,302.5880880847089
2021-05-07,218.14367275577496,332.0202957635478,266.53595487178177,26.173425403958262,303.90452991760975
2021-05-08,218.2802712982976,331.95023528511416,266.5513530746173,26.298540937180732,305.225968290104
2021-05-09,218.4165744196929,331.87943516988685,266.56655660543925,26.42425109199456,306.5524155113317
2021-05-10,218.55258075291215,331.8078961712175,266.5815654199989,26.550558660900947,307.8838838904328
2021-05-11,218.68829014767977,331.7356190053083,266.596379474601,26.677466449419985,309.22038557759527
2021-05-12,218.8237014596003,331.662604262745,266.6109987390659,26.804977275915594,310.5619323340812
2021-05-13,218.9588136722554,331.58885247556475,266.625423168543,26.933093971648443,311.9085360791348
2021-05-14,219.09362576922672,331.51436456429013,266.63965271423996,27.061819380828886,313.2602087788427
2021-05-15,219.22813673409593,331.43914079433824,266.6536873349705,27.191156360669904,314.6169623980524
2021-05-16,219.36234563860535,331.3631820212791,266.66752699011073,27.32110778144004,315.9788089347015
2021-05-17,219.49625179943578,331.28648900881797,266.6811716395991,27.451676526651735,317.34576033341375
2021-05-18,219.62985434703754,331.2090625206602,266.6946212439363,27.58286549437352,318.7178284234246
2021-05-19,219.76315239486235,331.1309033205111,266.7078757641855,27.714677593456972,320.0950250286374
2021-05-20,219.89614505636197,331.05201217207605,266.720935161972,27.847115747080714,321.4773618516069
2021-05-21,220.02883144542133,330.9723898256506,266.73379939948364,27.980182891760982,322.86485062704105
2021-05-22,220.16121068346547,330.89203694437504,266.7464684394705,28.113881977405388,324.2575029794491
2021-05-23,220.29328188962532,330.81095424374496,266.75894224524495,28.24821596736663,325.65533055143925
2021-05-24,220.42504418088362,330.7291424538438,266.7712207806817,28.383187838496283,327.0583448868552
2021-05-25,220.5564966742231,330.6466023047546,266.7833040102179,28.518800581198512,328.46655751910913
2021-05-26,220.68763848662644,330.5633345265607,266.7951918988528,28.655057199483842,329.8799799091721
2021-05-27,220.81845561084378,330.4793398493453,266.8068844121483,28.791960712665475,331.2986234512659
2021-05-28,220.94898041180355,330.39461886372345,266.8183815162283,28.929514153770835,332.7224994758136
2021-05-29,221.07918884430327,330.3091717811461,266.8296831777793,29.06772056663194,334.1516191428322
2021-05-30,221.20908090834303,330.2229996007439,266.84078936405,29.206583010617617,335.58599376190557
2021-05-31,221.33865660392277,330.1361037607142,266.8517000428514,29.346104559014222,337.0256346474558
2021-06-01,221.46791580823148,330.0484851872281,266.8624151746325,29.486288299081366,338.4705531098669
2021-06-02,221.5968578550126,329.9601447598792,266.8729347594496,29.627137332107605,339.92076003432925
2021-06-03,221.7254822628443,329.8710827595452,266.8832587456261,29.768654773466142,341.37626626276125
2021-06-04,221.8537881285267,329.78130030547106,266.89338710345345,29.910843752670527,342.837082848114
2021-06-05,221.98177474765768,329.6907979098808,266.90331980378613,30.053707413430345,344.30322084333835
2021-06-06,222.1094411622427,329.5995760834454,266.9130568180418,30.19724891744008,345.77469124223444
2021-06-07,222.2367869530821,329.50763706092846,266.9225981182015,30.34147143609435,347.25150448970305
2021-06-08,222.36381091519803,329.4149801010945,266.9319436768099,30.486378155650016,348.7336712561561
2021-06-09,222.49051194818549,329.3216063515419,266.9410934669758,30.631972277643168,350.2212023156024
2021-06-10,222.6168891886223,329.22751683331154,266.95004746237214,30.778257018135506,351.714108442051
2021-06-11,222.7429418865325,329.1327125229763,266.9588056372363,30.925235607772358,353.21239951668326
2021-06-12,222.86866916417387,329.0371943932431,266.9673679663707,31.072911291840676,354.71608745617436
2021-06-13,222.99407016002692,328.9409632202488,266.97573442514255,31.22128733032706,356.2251812359032
2021-06-14,223.1191440353653,328.8440197795129,266.9839049894846,31.370366997975765,357.7396914849989
2021-06-15,223.2438899352552,328.74636492541833,266.991879635895,31.520153584905497,359.2596287670533
2021-06-16,223.36830492450116,328.64799951234795,266.9996583414379,31.67065039963938,360.785003203686
2021-06-17,223.49239403293745,328.54892442880254,267.00724108374374,31.82186075908716,362.3158246818588
2021-06-18,223.61615147323778,328.4491406052289,267.0146278410091,31.97378799805688,363.8521032691468
2021-06-19,223.73957716575362,328.34864893330024,267.0218185919974,32.12643546645386,365.39384893534793
2021-06-20,223.86267066940184,328.2474503040711,267.02881331603896,32.279806529340995,366.9410715524832
2021-06-21,223.98543116507912,328.14555353684545,267.0356119930315,32.43390456699904,368.4937808947966
2021-06-22,224.107857921533,328.0429389392744,267.04221460819593,32.588732974987,370.051986638755
2021-06-23,224.22994986411612,327.9396226899096,267.0486211450928,32.7442951642024,371.6156983680624
2021-06-24,224.3517066212866,327.8356047887511,267.05483157982934,32.900594560941634,373.1849256977919
2021-06-25,224.47312713420283,327.7308852620696,267.06084589470913,33.05763460991821,374.7596781243234
2021-06-26,224.5942104174671,327.6254645762734,267.06666407260985,33.21541877031623,376.33996501141075
2021-06-27,224.7149554926427,327.51934344849457,267.07228609698365,33.37395051274754,377.9257956332734
2021-06-28,224.83536163574294,327.41252270741154,267.07771195185734,33.53323332615271,379.5171791745961
2021-06-29,224.95542811223677,327.3050032706412,267.0829416218331,33.6932707152133,381.114124730529
2021-06-30,225.0751540980994,327.19678595625965,267.0879750920883,33.85406620041378,382.71664130668773
2021-07-01,225.1945387695375,327.0878719295628,267.0928123483765,34.01562331810343,384.32473784715614
2021-07-02,225.31358131390112,326.97826232359427,267.0974533770275,34.177945620558276,385.93842350486267
2021-07-03,225.43228091872152,326.86795811871417,267.1018981649474,34.34103667604296,387.55770740298937
2021-07-04,225.55063676723597,326.7569601979175,267.1061466996197,34.50490006887267,389.1825979005547
2021-07-05,225.66864006630925,326.6452695486694,267.11019896910506,34.66953939947505,390.8131031440445
2021-07-06,225.78631066234382,326.5328871612522,267.1140549620419,34.834958284452085,392.4492316353658
2021-07-07,225.9036326866081,326.41981404746184,267.11771466764674,35.001160365732986,394.09099181468326
2021-07-08,226.02060613910197,326.30605121137665,267.1211780757145,35.16814928734223,395.7383921409488
2021-07-09,226.1372310143126,326.1915996540002,267.1244451766191,35.335928714909016,397.3914410098125
2021-07-10,226.25350684226234,326.07646335517353,267.12751596131346,35.50450233102746,399.0501463387712
2021-07-11,226.369433223788,325.96063511634543,267.1303904213303,35.67387383483568,400.7145160593145
2021-07-12,226.485009190859,325.8441228148027,267.13306854878203,35.84404694208,402.3845580138311
2021-07-13,226.6002343712774,325.7269265407265,267.1355503363616,36.015025385179165,404.06028002049277
2021-07-14,226.71510728030026,325.6090471394843,267.13783577734245,36.186812913288556,405.7416898462145
2021-07-15,226.82962806148345,325.4904848818092,267.13992486557913,36.35941329236443,407.4287950436111
2021-07-16,226.94379560781272,325.37124133287404,267.1418175955077,36.53283030522809,409.12160307129477
2021-07-17,227.05760898119402,325.2513155488903,267.1435139621458,36.70706775163014,410.8201212750761
2021-07-18,227.1710672446701,325.13071347804936,267.1450139610934,36.88212945256335,412.524356861651
2021-07-19,227.28416947530752,325.0094319315925,267.14631758832115,37.05801924679981,414.2343170383015
2021-07-20,227.3969150166646,324.88747225296936,267.14742484012964,37.23474098061706,415.95000876302373
2021-07-21,227.50930314913916,324.7648360194739,267.14833571441017,37.412298522906234,417.6714390043404
2021-07-22,227.62133307786416,324.64152449037306,267.14905020908486,37.590695759880234,419.3986144888767
2021-07-23,227.73300400797257,324.5175389222864,267.1495683226594,37.769936595140706,421.131541903626
2021-07-24,227.844315142877,324.39288057183336,267.14989005422325,37.95002494974513,422.8702278641759
2021-07-25,227.9552656803985,324.2675506956333,267.15001540345037,38.13096476227375,424.6146787300323
2021-07-26,228.0658548220646,324.1415504885355,267.1499443705993,38.312759988896666,426.3649007327249
2021-07-27,228.17608176982466,324.0148805479497,267.14967695651364,38.495414603440814,428.1209000542072
2021-07-28,228.28593300037846,323.8875417222696,267.14921316262235,38.678932597456985,429.8826828156669
2021-07-29,228.39543980546574,323.75953550019744,267.1485529909401,38.86331798028686,431.65025499730757
2021-07-30,228.50457928000023,323.6308630987247,267.1476964440677,39.0485747887916,433.42362243834896
2021-07-31,228.61335142398192,323.50152583280544,267.1466435251924,39.23470706387773,435.20279083702655
2021-08-01,228.72175623741083,323.3715242149973,267.14539423808833,39.42171886802411,436.9877657505585
2021-08-02,228.82979372009396,323.2408599977206,267.1439485871167,39.60961428320053,438.7785525944476
2021-08-03,228.93746386966066,323.10953399567666,267.14230657722635,39.798397409573724,440.57515664332874
2021-08-04,229.04476596721418,322.9775473405289,267.140468213954,39.98807236557711,442.37758303101737
2021-08-05,229.15169911468553,322.8449012668906,267.1384335034248,40.178643287980535,444.1858367502902
2021-08-06,229.25826243787168,322.7115965583227,267.13620245235217,40.37011433196003,445.99992265288495
2021-08-07,229.36445497576935,322.577634580489,267.1337750680388,40.56248967116756,447.8198454495003
2021-08-08,229.47027637715354,322.443016634406,267.13115135837666,40.7557734978008,449.6456097117103
2021-08-09,229.57572559621426,322.30774402109,267.12833133184745,40.94997002267287,451.4772199288079
2021-08-10,229.68080298438466,322.1718179863772,267.12531499752293,41.14508347850616,453.3146804440935
2021-08-11,229.78550518754926,322.0352395410187,267.1221023650653,41.34111811992452,455.1579954440317
2021-08-12,229.88983388673728,321.898009838274,267.11869344472746,41.538078208819215,457.00716897860235
2021-08-13,229.99378808712117,321.7601300553266,267.11508824735364,41.73596803192044,458.8622049613005
2021-08-14,230.09736680807447,321.6216013693601,267.11128678437944,41.934791894992166,460.72310716913626
2021-08-15,230.20056919435208,321.4824249800854,267.10728906600525,42.13455412290459,462.58987923943096
2021-08-16,230.30339439070895,321.3426021265998,267.1030950850723,42.33525905970665,464.4625245248105
2021-08-17,230.40584154190003,321.2021340143101,267.0987048728264,42.5369110686985,466.3410462412587
2021-08-18,230.5079097926802,321.0610218472889,267.09411844280146,42.73951453250401,468.225447515582
2021-08-19,230.60959834792135,320.9192894153065,267.0893358091136,42.94307385314326,470.1157313261477
2021-08-20,230.7109067405094,320.7768813944596,267.0843569864615,43.14759345210503,472.011900502884
2021-08-21,230.81183429272144,320.63383769339197,267.07918199012613,43.353077770419276,473.9139577272799
2021-08-22,230.91238027904853,320.4901583121035,267.0738108359714,43.55953127667554,475.82190552816735
2021-08-23,231.0125439739818,320.3458432505943,267.06824354044403,43.76695844895097,477.7357458056654
2021-08-24,231.1123246520123,320.20089253261176,267.0624801205737,43.97536378603062,479.6554797824453
2021-08-25,231.21172158763116,320.0553068889744,267.0565205939734,44.18475180856409,481.5811099738283
2021-08-26,231.31073399695373,319.9090870597516,267.05036497883947,44.39512705717009,483.51263926012007
2021-08-27,231.40936100183546,319.7622337546516,267.0440132939517,44.6064940925115,485.4500691972044
2021-08-28,231.5076020255918,319.614750003903,267.0374655586738,44.81885749537031,487.39340107941024
2021-08-29,231.60545655882925,319.46663495255984,267.030721792953,45.03222186672274,489.3426358045324
2021-08-30,231.70292392684823,319.3178903814986,267.0237820173209,45.2465918278142,491.2977744883338
2021-08-31,231.80000336555764,319.1685178385913,267.01664625289305,45.46197202023433,493.25881833677425
2021-09-01,231.89669419959554,319.01851882922466,267.00931452136956,45.67836710599203,495.22576815179804
2021-09-02,231.9929954395872,318.86789479281475,267.0017868450349,45.89578177007493,497.1986245614369
2021-09-03,232.08890667188876,318.71664680990636,266.99406324675834,46.114220723938985,499.1773878258858
2021-09-04,232.18442743299698,318.5647761361,266.98614374999386,46.333688685084276,501.16205815163283
2021-09-05,232.2795561571015,318.41228406872216,266.97802837878055,46.5541903987516,503.1526356340247
2021-09-06,232.37429322965525,318.25917191042305,266.9697171577427,46.77573063105027,505.1491201194755
2021-09-07,232.46863771583764,318.105440999142,266.9612101120899,46.99831416903611,507.15151132131416
2021-09-08,232.56258881295233,317.95109265726006,266.95250726761725,47.22194582078933,509.15980869717254
2021-09-09,232.65614573224826,317.7961282023072,266.9436086507055,47.44663041549256,511.1740115228285
2021-09-10,232.74930768497455,317.6405591712666,266.93451428832134,47.67237280350875,513.1941189286463
2021-09-11,232.84207391630707,317.4843600642533,266.9252242080173,47.89917785645915,515.2201297769959
2021-09-12,232.9344439141168,317.3275522002717,266.91573841889436,48.12705046730124,517.2520428209049
2021-09-13,233.0264170437556,317.17013557932205,266.9060569636938,48.35599555040671,519.2898565547084
2021-09-14,233.11799263085342,317.01211027927815,266.8961798732842,48.58601804827977,521.3335691918153
2021-09-15,233.20917000104012,316.85347702218434,266.88610717730785,48.81712291773644,523.3831788093214
2021-09-16,233.29994848149457,316.6942365306236,266.87583890598336,49.049315135959844,525.4386834052195
2021-09-17,233.39032743217237,316.5343906404095,266.865375090106,49.2825997044478,527.5000807492135
2021-09-18,233.48030620487293,316.3739403842175,266.85471576104743,49.51698164656425,529.5673683827173
2021-09-19,233.56988414127437,316.2128875681692,266.843860950756,49.75246600761956,531.640543618856
2021-09-20,233.6590605830548,316.0512326184616,266.83281069175626,49.989057854950936,533.7196035452616
2021-09-21,233.74783488385248,315.8889773803402,266.8215650171495,50.22676227800275,535.804545037633
2021-09-22,233.83620656873725,315.7261235315341,266.81012396061334,50.465584388406924,537.8953647363351
2021-09-23,233.92417486732035,315.5626727379322,266.79848755640177,50.70552932006329,539.9920590527001
2021-09-24,234.0117391318154,315.3986261714496,266.78665583934526,50.94660222921994,542.0946241710876
2021-09-25,234.09889871443605,315.2339850084564,266.7746288448507,51.18880829625347,544.2030560488837
2021-09-26,234.1856529673959,315.06875060635355,266.7624066089014,51.432152733227184,546.3173504165014
2021-09-27,234.27200124290857,314.9029243227827,266.7499891680569,51.67664075637813,548.4375033042019
2021-09-28,234.3579429285825,314.73650752395315,266.7373765594533,51.922277613028456,550.563509786314
2021-09-29,234.443477495383,314.56950157570566,266.7245688208028,52.16906857333163,552.6953649259708
2021-09-30,234.52860421449174,314.40190784090953,266.71156599039415,52.41701893035597,554.8330636078808
2021-10-01,234.6133224471804,314.2337402481424,266.6983681070923,52.66613400016827,556.9766004943694
2021-10-02,234.69763155472057,314.06496753147826,266.6849752103384,52.91641912191735,559.1259700253796
2021-10-03,234.78153089838398,313.8956152122372,266.67138734015015,53.16787965791764,561.2811664184716
2021-10-04,234.8650198394422,313.72568329041917,266.65760453712124,53.420520993732794,563.4421834975544
2021-10-05,234.94809786662952,313.5551718110385,266.6436268424218,53.674348538259224,565.6090148836779
2021-10-06,235.03076449782012,313.3840818339806,266.6294542977981,53.92936772380974,567.7816542366465
2021-10-07,235.11301896293324,313.2124143208052,266.61508694557256,54.18558401029654,569.9600948433996
2021-10-08,235.19486064177715,313.0401704415204,266.600524828644,54.44300287773273,572.1443297653614
2021-10-09,235.27628891416012,312.86735164641004,266.585767974592,54.701629827370624,574.3343518384413
2021-10-10,235.35730315989045,312.6939593667515,266.5708164345747,54.961470386513284,576.5301536730339
2021-10-11,235.43790275877643,312.51999495046385,266.5556702584106,55.22253010634227,578.7317276101592
2021-10-12,235.51808748148966,312.3454600254427,266.5403294910357,55.48481456200293,580.939064708527
2021-10-13,235.59785630457617,312.17035493984196,266.5247941779513,55.74832935268975,583.1521574818278
2021-10-14,235.67720883042952,311.99468389657045,266.5090643652238,56.01308010173161,585.3709975244467
2021-10-15,235.7561444449599,311.81844535345147,266.49314009948455,56.27907245667711,587.5955761962745
2021-10-16,235.83466253702292,311.64164138354334,266.47702142792974,56.54631208937988,589.8258846227076
2021-10-17,235.91276249841957,311.4642737377183,266.46070839832,56.81480469608387,592.0619136946481
2021-10-18,235.99044372389628,311.2863440933045,266.44420105898024,57.08455599836832,594.3036540685034
2021-10-19,236.06770587743065,311.1078541276299,266.4274994587997,57.355571756849805,596.5510951883809
2021-10-20,236.14454830345997,310.9288055180226,266.4106036472312,57.62785773136076,598.8042269788307
2021-10-21,236.22097034770434,310.749199818204,266.3935136742917,57.90141971762854,601.0630397021431
2021-10-22,236.29697143883263,310.5690381384673,266.37622959056125,58.1762635362967,603.3275229003467
2021-10-23,236.37255100975227,310.3883219082692,266.3587514471836,58.452395033014284,605.5976658676741
2021-10-24,236.44770849760923,310.2070525995239,266.34107929586526,58.72982007852506,607.8734576505615
2021-10-25,236.52244334378798,310.0252316841458,266.32321318887585,59.00854456875677,610.1548870476489
2021-10-26,236.5967549939115,309.8428606340492,266.30515317904764,59.28857442491041,612.441942637146
2021-10-27,236.67064289784133,309.6599409347627,266.28689931977533,59.56991559354948,614.7346104838257
2021-10-28,236.74410650967752,309.47647410395416,266.268451665016,59.85257404668923,617.0328800061425
2021-10-29,236.81714527508692,309.29246163221217,266.24981026928873,60.136555781885896,619.3367387955127
2021-10-30,236.88975866128214,309.1079050081772,266.2309751876746,60.42186682252106,621.6461741913294
2021-10-31,236.96194613657676,308.92280572048963,266.21194647581615,60.70851321759301,623.9611732790321
2021-11-01,237.03370717107995,308.73716525778985,266.1927241899176,60.99650104169015,626.2817228881763
2021-11-02,237.10504123908458,308.551018230816,266.17330838674434,61.28583639545259,628.6078095905036
2021-11-03,237.17594781906698,308.3642840357468,266.15369912362286,61.57652540551019,630.939418552654
2021-11-04,237.2464263936871,308.17701936585,266.13389645844046,61.86857422457192,633.2765359520034
2021-11-05,237.31647644978855,307.9892242211257,266.1139004527055,62.161989031515226,635.619147680641
2021-11-06,237.38609747839845,307.8008986015739,266.0937111655099,62.45677603147538,637.967239060125
2021-11-07,237.4552889747275,307.6120425071946,266.0733286541936,62.7529414559348,640.3207951210965
2021-11-08,237.52405026059458,307.4226566170285,266.05275297895366,63.050491562812475,642.6798006001658
2021-11-09,237.59238092727733,307.2327418908063,266.03198420054997,63.34943263655323,645.0442399368011
2021-11-10,237.66028048895964,307.0422992135949,266.01102238030467,63.64977098821715,647.414097270215
2021-11-11,237.72774844560195,306.85133107284446,265.98986758010227,63.951512980547896,649.7893563997874
2021-11-12,237.79478430065464,306.6598367897997,265.9685198623894,64.25466496287856,652.1700007132096
2021-11-13,237.861387561058,306.4678226455344,265.9469792901748,64.55923332777193,654.5560135083244
2021-11-14,237.9275577372422,306.2752855702814,265.9252459270288,64.86522449542491,656.9473776691736
2021-11-15,237.9932943431274,306.0822278367453,265.9033198370836,65.1726449132547,659.3440757611786
2021-11-16,238.05859689612362,305.88865152468316,265.88120108503284,65.48150105599417,661.7460900278833
2021-11-17,238.12346491713078,305.69455852939836,265.8588897361316,65.7917994257873,664.1534023876966
2021-11-18,238.18789776144055,305.4999507461942,265.836385856196,66.10354655228463,666.5659944306341
2021-11-19,238.25189505866493,305.3048300031533,265.81368951160334,66.41674899273865,668.9838474150607
2021-11-20,238.31545633460735,305.10919704115935,265.7908007692919,66.73141333209924,671.4069430252947
2021-11-21,238.37858111371955,304.91305320746756,265.7677196967605,67.0475461831091,673.8352619007674
2021-11-22,238.44126892334344,304.71640057925936,265.74444636206863,67.36515418082674,676.2687841439943
2021-11-23,238.50351929371112,304.5192407583915,265.72098083383634,67.68424398873756,678.7074898024797
2021-11-24,238.56533175794485,304.32157512333646,265.6973231812437,68.00482230874084,681.151358593297
2021-11-25,238.6267058520571,304.12340541793856,265.67347347403114,68.32689586476835,683.6003699007169
2021-11-26,238.6876411149506,303.9247330911912,265.6494317824989,68.65047140893634,686.0545027738361
2021-11-27,238.74813708991772,303.7255596653991,265.62519817750706,68.9755557216377,688.513735924205
2021-11-28,238.8081933559317,303.52588643095015,265.6007727304754,69.30215561163403,690.9780478615232
2021-11-29,238.86780943816254,303.3257148964798,265.57615551338324,69.63027791614765,693.4474175421111
2021-11-30,238.92698488913928,303.1250468282392,265.55134659876904,69.95992950095372,695.9218221551503
2021-12-01,238.98571926440695,302.9238839758218,265.52634605973066,70.29111726047238,698.4012391703048
2021-12-02,239.04401212252645,302.72222808882117,265.50115395532987,70.6238481178607,700.8856457239789
2021-12-03,239.1018630250746,302.5200808887249,265.47577034662226,70.9581290251049,703.3750186177843
2021-12-04,239.15927153664413,302.3174437352505,265.45019533083973,71.29396698892482,705.8693343170089
2021-12-05,239.2162372248436,302.1143181237781,265.4244289829815,71.63136900650817,708.3685689490844
2021-12-06,239.2727596602976,301.91070563758507,265.39847137859357,71.9703421161155,710.8726983020546
2021-12-07,239.32883841680734,301.70660785994863,265.37232259376873,72.31089338800047,713.3816979581997
2021-12-08,239.3844730722257,301.5020263741461,265.3459827051462,72.65302992188721,715.8955430623879
2021-12-09,239.4396632053382,301.29696289177485,265.31945178991117,72.99675884706944,718.4142083344699
2021-12-10,239.49440839889644,301.09141924421203,265.2927299257947,73.34208732250947,720.9376682194414
2021-12-11,239.54870823867125,300.8853967480179,265.265817191073,73.68902253693723,723.4658968187881
2021-12-12,239.60256231345278,300.67889689355417,265.2387136645677,74.03757170894936,725.9988678891334
2021-12-13,239.65597021505044,300.4719213303893,265.2114194256449,74.38774208710822,728.5365548408862
2021-12-14,239.70893153829297,300.26447182283107,265.1839345542154,74.739540950041,731.0789307368887
2021-12-15,239.76144588102838,300.05655006191733,265.1562591307339,75.09297560682568,733.6259682784925
2021-12-16,239.81351284412398,299.848157526763,265.12839323619886,75.44805339697047,736.1776396381197
2021-12-17,239.86513203146637,299.6392954608854,265.1003369521525,75.80478168950152,738.7339169275743
2021-12-18,239.91630304996144,299.4299662131404,265.0720903606798,76.16316788435596,741.2947717816173
2021-12-19,239.96702558616664,299.2201701950297,265.04365354440887,76.52321941203637,743.8601754776957
2021-12-20,240.01729923272083,299.00990943358454,265.01502658651015,76.88494373371022,746.4300989344351
2021-12-21,240.06712358689333,298.7991857370531,264.9862095706963,77.24834834130903,749.0045127101308
2021-12-22,240.11649827250898,298.58800091368363,264.9572025812218,77.61344075762764,751.5833870012405
2021-12-23,240.16542291666264,298.3763567717244,264.92800570288273,77.98022853642354,754.1666916408751
2021-12-24,240.21389714971895,298.1642551194235,264.8986190210162,78.34871926251607,756.7543960944249
2021-12-25,240.2619206053125,297.951697638834,264.86904262150034,78.7189205518857,759.3464694623895
2021-12-26,240.30949292034782,297.73868561626574,264.83927659075374,79.09084005177331,761.9428804803084
2021-12-27,240.35661373499929,297.5252206493594,264.8093210157354,79.4644854377009,764.543597512289
2021-12-28,240.40328269271117,297.3113043703534,264.7791759839439,79.8398644208144,767.1485885514952
2021-12-29,240.4494994401977,297.0969384114859,264.74884158341774,80.21698474309959,769.7578212186366
2021-12-30,240.49526363543785,296.8821244049953,264.7183179027344,80.59585417756227,772.3712627604586
2021-12-31,240.5405749437082,296.66686397917914,264.68760503101043,80.97648052894083,774.988880048231
